product_id,initial_equity,ending_equity,total_return_pct,buy_hold_return_pct,excess_return_vs_buy_hold_pct,max_drawdown_pct,sharpe_ratio,num_trades,win_rate_pct,avg_trade_return_pct,avg_win,avg_loss,profit_factor,best_trade,worst_trade,avg_holding_bars,variant,variant_description,exit_mode,stop_atr_multiplier,take_profit_r_multiple,trailing_atr_multiplier,uses_volatility_filter,uses_volume_filter,uses_asset_trend_filter,uses_btc_filter,uses_price_above_ema50_filter,uses_rsi_reclaim_filter
BTC-USD,10000.0,5213.473478391463,-47.865265216085376,168.4023763997421,-216.26764161582747,-47.865265216085376,-3.6535313043704933,86,29.069767441860467,-1.2650371928639195,42.17085875368807,-95.75078672870059,0.1805012723545406,97.54149542041935,-170.2612180394952,17.325581395348838,A_full_original,"Original model: volatility compression + Donchian breakout + volume confirmation + asset trend filter + BTC trend filter, fixed 3R target.",fixed_r_target,2.0,3.0,3.0,True,True,True,True,False,False
DOGE-USD,10000.0,8258.504314515221,-17.414956854847784,49.99324233004459,-67.40819918489237,-17.654865677936193,-1.9342174750216476,47,21.27659574468085,-1.6844049678888973,108.00637393414388,-76.25836283314108,0.38278964810672383,122.09743774337842,-115.18895769476067,19.4468085106383,A_full_original,"Original model: volatility compression + Donchian breakout + volume confirmation + asset trend filter + BTC trend filter, fixed 3R target.",fixed_r_target,2.0,3.0,3.0,True,True,True,True,False,False
ETH-USD,10000.0,6719.725780560973,-32.80274219439027,27.298755164136512,-60.10149735852678,-32.80274219439027,-2.691664503174643,76,27.631578947368425,-1.2583862393101015,71.32022744863431,-86.8727090156426,0.3134627650024517,99.71859833985545,-175.5439392050894,17.263157894736842,A_full_original,"Original model: volatility compression + Donchian breakout + volume confirmation + asset trend filter + BTC trend filter, fixed 3R target.",fixed_r_target,2.0,3.0,3.0,True,True,True,True,False,False
SOL-USD,10000.0,7289.044441684348,-27.10955558315652,260.39434204886413,-287.50389763202065,-29.189282365250147,-2.344028374735881,77,23.376623376623375,-1.5723645901320773,95.25483539806815,-75.00919653357431,0.3874297897202632,128.89412869375167,-105.49549908859595,19.025974025974026,A_full_original,"Original model: volatility compression + Donchian breakout + volume confirmation + asset trend filter + BTC trend filter, fixed 3R target.",fixed_r_target,2.0,3.0,3.0,True,True,True,True,False,False
XRP-USD,10000.0,7463.331827197784,-25.366681728022154,123.03020616909062,-148.39688789711278,-25.65556379666957,-2.2947255531663795,63,25.396825396825395,-1.3405709603863805,82.41571141380297,-82.02807564729902,0.34203426296167255,113.08145695915735,-142.31751096445475,19.349206349206348,A_full_original,"Original model: volatility compression + Donchian breakout + volume confirmation + asset trend filter + BTC trend filter, fixed 3R target.",fixed_r_target,2.0,3.0,3.0,True,True,True,True,False,False
BTC-USD,10000.0,966.2465782968922,-90.33753421703108,168.4023763997421,-258.7399106167732,-90.33753421703108,-6.961378932351509,406,25.862068965517242,-1.3117189260842097,42.672845066412464,-44.89834602550297,0.3315462038958501,105.69178065796689,-162.91370191666724,27.625615763546797,B_breakout_only,Plain Donchian breakout. Tests whether the breakout trigger has raw edge before adding filters.,fixed_r_target,2.0,3.0,3.0,False,False,False,False,False,False
DOGE-USD,10000.0,2878.9679171564453,-71.21032082843554,49.99324233004459,-121.20356315848014,-71.88561758637152,-4.082258684191862,391,25.31969309462916,-1.248631932757402,59.7612078455771,-44.64860157382083,0.4537993282096247,96.32003503740684,-143.50953233187823,28.63171355498721,B_breakout_only,Plain Donchian breakout. Tests whether the breakout trigger has raw edge before adding filters.,fixed_r_target,2.0,3.0,3.0,False,False,False,False,False,False
ETH-USD,10000.0,2014.4529244288176,-79.85547075571182,27.298755164136512,-107.15422591984833,-79.93620175155283,-5.200417665598963,382,25.13089005235602,-1.3780537662806371,42.82484730999337,-42.29626719346346,0.3398591619559525,79.30347963425216,-177.20641131568635,28.89005235602094,B_breakout_only,Plain Donchian breakout. Tests whether the breakout trigger has raw edge before adding filters.,fixed_r_target,2.0,3.0,3.0,False,False,False,False,False,False
SOL-USD,10000.0,3308.5865625938427,-66.91413437406158,260.39434204886413,-327.3084764229257,-66.96558947532388,-3.752473511682913,399,25.81453634085213,-1.3690284508796513,81.65184189919042,-51.01876065210392,0.556905612978836,133.1358388065211,-113.66165805821076,29.278195488721803,B_breakout_only,Plain Donchian breakout. Tests whether the breakout trigger has raw edge before adding filters.,fixed_r_target,2.0,3.0,3.0,False,False,False,False,False,False
XRP-USD,10000.0,1992.5544202740941,-80.07445579725906,123.03020616909062,-203.10466196634968,-80.09341940900147,-5.3085215061950075,377,23.076923076923077,-1.4079606029242349,50.938186273909935,-42.89333719157266,0.35626642464124614,111.71082976989207,-149.1569875257947,27.652519893899203,B_breakout_only,Plain Donchian breakout. Tests whether the breakout trigger has raw edge before adding filters.,fixed_r_target,2.0,3.0,3.0,False,False,False,False,False,False
BTC-USD,10000.0,2546.4519343584843,-74.53548065641516,168.4023763997421,-242.9378570561573,-74.53548065641516,-5.312514059980324,245,26.93877551020408,-1.2390825944626669,55.92902327180076,-62.26180783005791,0.33121226673563,119.1272296342583,-162.91370191666724,26.016326530612243,C_breakout_asset_trend,Breakout plus asset trend filter. Tests whether only trading breakouts when the asset is above EMA 200 with EMA 50 > EMA 200 improves quality.,fixed_r_target,2.0,3.0,3.0,False,False,True,False,False,False
DOGE-USD,10000.0,6175.448931891499,-38.245510681085,49.99324233004459,-88.23875301112959,-39.47574368836455,-2.2024532493280833,201,27.860696517412936,-0.8752306553365554,89.85159721367316,-61.077520772925496,0.5681518514662875,112.39346984026282,-132.65086629006103,22.402985074626866,C_breakout_asset_trend,Breakout plus asset trend filter. Tests whether only trading breakouts when the asset is above EMA 200 with EMA 50 > EMA 200 improves quality.,fixed_r_target,2.0,3.0,3.0,False,False,True,False,False,False
ETH-USD,10000.0,3922.7180469059426,-60.77281953094058,27.298755164136512,-88.07157469507709,-60.77281953094058,-3.9885539092085605,231,25.97402597402597,-1.2663893992426658,63.390950527339854,-57.78209932593243,0.3849364948832936,98.51266102075901,-177.20641131568635,23.458874458874458,C_breakout_asset_trend,Breakout plus asset trend filter. Tests whether only trading breakouts when the asset is above EMA 200 with EMA 50 > EMA 200 improves quality.,fixed_r_target,2.0,3.0,3.0,False,False,True,False,False,False
SOL-USD,10000.0,6032.995040468548,-39.670049595314524,260.39434204886413,-300.06439164417867,-41.5975061265925,-2.1711411132628236,230,28.695652173913043,-1.113069861581116,103.81707615435475,-65.9690974738955,0.6333274888160911,138.36173052962513,-108.66984209751564,27.93913043478261,C_breakout_asset_trend,Breakout plus asset trend filter. Tests whether only trading breakouts when the asset is above EMA 200 with EMA 50 > EMA 200 improves quality.,fixed_r_target,2.0,3.0,3.0,False,False,True,False,False,False
XRP-USD,10000.0,5289.177676601278,-47.108223233987225,123.03020616909062,-170.13842940307785,-47.108223233987225,-2.857410066335336,200,27.0,-1.148754489311503,78.30473179243678,-61.22793041226242,0.47301981126269194,117.03713922219032,-138.82588401163787,22.545,C_breakout_asset_trend,Breakout plus asset trend filter. Tests whether only trading breakouts when the asset is above EMA 200 with EMA 50 > EMA 200 improves quality.,fixed_r_target,2.0,3.0,3.0,False,False,True,False,False,False
BTC-USD,10000.0,1433.0431350718218,-85.66956864928179,168.4023763997421,-254.0719450490239,-85.66956864928179,-6.203282581743276,340,26.176470588235297,-1.2883547961360182,49.391578826179675,-51.64465091816001,0.339112538396341,112.0105985380947,-162.91370191666724,26.097058823529412,D_breakout_btc_filter,Breakout plus BTC trend filter. Tests whether broad crypto-market regime improves breakout performance.,fixed_r_target,2.0,3.0,3.0,False,False,False,True,False,False
DOGE-USD,10000.0,3318.7435813210404,-66.8125641867896,49.99324233004459,-116.80580651683418,-67.60908548200095,-4.0026891306373535,336,24.702380952380953,-1.3372583826011308,64.78049865052093,-47.660228484870316,0.44590848645523823,101.92823862273457,-155.43572210151382,22.06845238095238,D_breakout_btc_filter,Breakout plus BTC trend filter. Tests whether broad crypto-market regime improves breakout performance.,fixed_r_target,2.0,3.0,3.0,False,False,False,True,False,False
ETH-USD,10000.0,2569.638814641132,-74.30361185358868,27.298755164136512,-101.6023670177252,-74.40659241865525,-4.768399953598883,326,25.766871165644172,-1.3694772962635562,50.95707247868584,-48.391550717225144,0.3655096522997611,83.5968938090329,-177.20641131568635,25.733128834355828,D_breakout_btc_filter,Breakout plus BTC trend filter. Tests whether broad crypto-market regime improves breakout performance.,fixed_r_target,2.0,3.0,3.0,False,False,False,True,False,False
SOL-USD,10000.0,4350.459640392665,-56.495403596073345,260.39434204886413,-316.8897456449375,-58.25304806064906,-3.0927234948576303,327,27.217125382262996,-1.255497623905662,96.33260689015958,-59.76110240685519,0.6027923920385657,138.5253993654583,-99.25861664033894,26.535168195718654,D_breakout_btc_filter,Breakout plus BTC trend filter. Tests whether broad crypto-market regime improves breakout performance.,fixed_r_target,2.0,3.0,3.0,False,False,False,True,False,False
XRP-USD,10000.0,3166.9515122742773,-68.33048487725722,123.03020616909062,-191.36069104634785,-68.36062550391952,-4.184262343499686,295,25.08474576271186,-1.3604827820884948,64.24316475606348,-52.430057374092456,0.41028537853649066,123.44730155120229,-142.5723828993432,24.54915254237288,D_breakout_btc_filter,Breakout plus BTC trend filter. Tests whether broad crypto-market regime improves breakout performance.,fixed_r_target,2.0,3.0,3.0,False,False,False,True,False,False
BTC-USD,10000.0,2893.409012899649,-71.06590987100351,168.4023763997421,-239.4682862707456,-71.14834265585029,-5.260509037560673,161,26.08695652173913,-1.2912484311812251,39.26758370677091,-73.57839918306496,0.1883589116439338,95.76969028026133,-162.48247586410332,16.888198757763973,E_breakout_volatility,Breakout plus volatility compression only. Tests whether low realized volatility improves breakout quality or creates fake-breakout traps.,fixed_r_target,2.0,3.0,3.0,True,False,False,False,False,False
DOGE-USD,10000.0,5158.406292699632,-48.415937073003676,49.99324233004459,-98.40917940304827,-48.415937073003676,-3.339721940008905,156,23.717948717948715,-1.4291225457941188,79.22084956115792,-65.31735412658153,0.37710793785310504,115.9914459975841,-164.2686560844391,21.82051282051282,E_breakout_volatility,Breakout plus volatility compression only. Tests whether low realized volatility improves breakout quality or creates fake-breakout traps.,fixed_r_target,2.0,3.0,3.0,True,False,False,False,False,False
ETH-USD,10000.0,4173.872078324208,-58.26127921675792,27.298755164136512,-85.56003438089444,-58.80805918480889,-4.243884612257836,157,25.477707006369428,-1.386421174792268,58.24151269878903,-69.7075934156184,0.2856450394775635,94.71624428326919,-170.8807158724607,17.56050955414013,E_breakout_volatility,Breakout plus volatility compression only. Tests whether low realized volatility improves breakout quality or creates fake-breakout traps.,fixed_r_target,2.0,3.0,3.0,True,False,False,False,False,False
SOL-USD,10000.0,5759.289274989103,-42.407107250108965,260.39434204886413,-302.8014492989731,-42.65816634286094,-2.8929154982577265,157,26.751592356687897,-1.249408915762979,88.27326494971355,-69.11467698172916,0.46645564957750496,125.27429999300067,-118.88122991629582,18.88535031847134,E_breakout_volatility,Breakout plus volatility compression only. Tests whether low realized volatility improves breakout quality or creates fake-breakout traps.,fixed_r_target,2.0,3.0,3.0,True,False,False,False,False,False
XRP-USD,10000.0,4047.8254805192187,-59.52174519480782,123.03020616909062,-182.55195136389844,-59.5602693073904,-4.336835008297707,169,24.2603550295858,-1.2173864755945414,56.8638993565522,-64.71558119608935,0.28145026940971496,98.04407286891467,-169.6684980638513,18.124260355029588,E_breakout_volatility,Breakout plus volatility compression only. Tests whether low realized volatility improves breakout quality or creates fake-breakout traps.,fixed_r_target,2.0,3.0,3.0,True,False,False,False,False,False
BTC-USD,10000.0,953.2282863076425,-90.46771713692358,168.4023763997421,-258.8700935366657,-90.46771713692358,-6.974084002220239,404,25.495049504950494,-1.3205818222010637,41.61033094234287,-44.2944710988494,0.3214566235146874,104.92316614994624,-162.91370191666724,25.93811881188119,F_breakout_volume,Breakout plus volume confirmation only. Tests whether above-average volume filters weak breakouts.,fixed_r_target,2.0,3.0,3.0,False,True,False,False,False,False
DOGE-USD,10000.0,3012.069227115843,-69.87930772884157,49.99324233004459,-119.87255005888615,-70.58582500943669,-3.9738712573130415,377,25.198938992042443,-1.248701377256995,62.11756444854626,-45.7060262251633,0.4578418120255936,96.11093001467265,-146.91543322435714,27.79840848806366,F_breakout_volume,Breakout plus volume confirmation only. Tests whether above-average volume filters weak breakouts.,fixed_r_target,2.0,3.0,3.0,False,True,False,False,False,False
ETH-USD,10000.0,2316.5885356636572,-76.83411464336342,27.298755164136512,-104.13286980749994,-76.92695399303004,-4.788135474796242,365,26.575342465753426,-1.2382412186388356,44.496307491545934,-44.774452578419044,0.3596918753560033,79.30347963425216,-177.20641131568635,29.123287671232877,F_breakout_volume,Breakout plus volume confirmation only. Tests whether above-average volume filters weak breakouts.,fixed_r_target,2.0,3.0,3.0,False,True,False,False,False,False
SOL-USD,10000.0,3522.2826198469843,-64.77717380153017,260.39434204886413,-325.1715158503943,-65.02760781511476,-3.5708590854842783,384,26.302083333333332,-1.32632915681065,83.73685064328198,-52.774343799026575,0.5662767348766777,129.95857942124866,-113.66165805821076,28.684895833333332,F_breakout_volume,Breakout plus volume confirmation only. Tests whether above-average volume filters weak breakouts.,fixed_r_target,2.0,3.0,3.0,False,True,False,False,False,False
XRP-USD,10000.0,2344.200867460141,-76.55799132539859,123.03020616909062,-199.5881974944892,-76.58030163955834,-4.844192718931458,360,24.166666666666668,-1.3231484063550827,55.01853073186113,-45.576598191251925,0.3847013296596488,114.6890010036423,-149.1569875257947,27.913888888888888,F_breakout_volume,Breakout plus volume confirmation only. Tests whether above-average volume filters weak breakouts.,fixed_r_target,2.0,3.0,3.0,False,True,False,False,False,False
BTC-USD,10000.0,2546.4519343584843,-74.53548065641516,168.4023763997421,-242.9378570561573,-74.53548065641516,-5.312514059980324,245,26.93877551020408,-1.2390825944626669,55.92902327180076,-62.26180783005791,0.33121226673563,119.1272296342583,-162.91370191666724,26.016326530612243,G_breakout_trend_btc,Breakout + asset trend + BTC trend. Removes volatility and volume filters. Tests a cleaner trend-following baseline.,fixed_r_target,2.0,3.0,3.0,False,False,True,True,False,False
DOGE-USD,10000.0,6101.667865129816,-38.983321348701836,49.99324233004459,-88.97656367874643,-39.72445631792987,-2.3145654583591915,200,27.0,-1.087485293100097,90.1307981797045,-60.03695367516602,0.5552588297896567,112.6793947669456,-135.4228281375435,20.85,G_breakout_trend_btc,Breakout + asset trend + BTC trend. Removes volatility and volume filters. Tests a cleaner trend-following baseline.,fixed_r_target,2.0,3.0,3.0,False,False,True,True,False,False
ETH-USD,10000.0,4190.207704410837,-58.097922955891626,27.298755164136512,-85.39667812002814,-58.097922955891626,-3.7832367734471775,220,26.36363636363636,-1.2606303385382216,66.54551484921852,-59.68785282002353,0.39915889564651486,100.02787011694258,-177.20641131568635,23.954545454545453,G_breakout_trend_btc,Breakout + asset trend + BTC trend. Removes volatility and volume filters. Tests a cleaner trend-following baseline.,fixed_r_target,2.0,3.0,3.0,False,False,True,True,False,False
SOL-USD,10000.0,6265.1141849380765,-37.348858150619236,260.39434204886413,-297.7432001994834,-40.00512046280311,-2.0498152489141965,218,28.899082568807337,-1.1475662019620654,105.542501388752,-66.99395743582772,0.6403252108280114,139.27437676657658,-99.94938087106067,28.28440366972477,G_breakout_trend_btc,Breakout + asset trend + BTC trend. Removes volatility and volume filters. Tests a cleaner trend-following baseline.,fixed_r_target,2.0,3.0,3.0,False,False,True,True,False,False
XRP-USD,10000.0,5908.945194965678,-40.91054805034322,123.03020616909062,-163.94075421943384,-41.03006657017936,-2.4353522218955908,183,28.415300546448087,-1.0582754874546911,84.67867269563497,-64.84233423822394,0.5183790596141289,122.5062824250798,-144.2667393517351,22.24590163934426,G_breakout_trend_btc,Breakout + asset trend + BTC trend. Removes volatility and volume filters. Tests a cleaner trend-following baseline.,fixed_r_target,2.0,3.0,3.0,False,False,True,True,False,False
BTC-USD,10000.0,2715.4383084717897,-72.84561691528211,168.4023763997421,-241.24799331502422,-72.84561691528211,-5.132023150895544,236,27.11864406779661,-1.2317592428227122,55.77856060274345,-63.10691610525455,0.328883338442905,118.28415069661783,-162.91370191666724,26.22457627118644,H_full_without_volatility,Full model without volatility compression: breakout + volume + asset trend + BTC trend. Directly tests whether volatility compression adds value.,fixed_r_target,2.0,3.0,3.0,False,True,True,True,False,False
DOGE-USD,10000.0,6427.359701536573,-35.72640298463426,49.99324233004459,-85.71964531467884,-36.50709789296231,-2.107100490416507,194,27.835051546391753,-1.005712901495301,93.53699470559837,-61.597414375469555,0.5857154146245894,116.24527476555464,-137.10199736665768,21.149484536082475,H_full_without_volatility,Full model without volatility compression: breakout + volume + asset trend + BTC trend. Directly tests whether volatility compression adds value.,fixed_r_target,2.0,3.0,3.0,False,True,True,True,False,False
ETH-USD,10000.0,4510.398769107904,-54.89601230892096,27.298755164136512,-82.19476747305747,-54.89601230892096,-3.481653310773227,210,27.61904761904762,-1.1414404882949283,68.038407045106,-62.077821312554214,0.4182173792823705,100.02787011694258,-177.20641131568635,24.50952380952381,H_full_without_volatility,Full model without volatility compression: breakout + volume + asset trend + BTC trend. Directly tests whether volatility compression adds value.,fixed_r_target,2.0,3.0,3.0,False,True,True,True,False,False
SOL-USD,10000.0,6648.603129227418,-33.513968707725816,260.39434204886413,-293.9083107565899,-36.331642570880554,-1.7886033887494588,210,30.0,-1.0926671896395714,106.66302252645389,-68.51134210842977,0.6672285570987848,139.17816059111857,-99.62887549340029,28.452380952380953,H_full_without_volatility,Full model without volatility compression: breakout + volume + asset trend + BTC trend. Directly tests whether volatility compression adds value.,fixed_r_target,2.0,3.0,3.0,False,True,True,True,False,False
XRP-USD,10000.0,6095.358491265202,-39.046415087347974,123.03020616909062,-162.07662125643859,-39.16970413483606,-2.3045952823399385,180,28.888888888888886,-1.0303981774789615,86.13457683140548,-65.49718362474911,0.5342546030412237,122.65434082617064,-140.11063448059824,22.433333333333334,H_full_without_volatility,Full model without volatility compression: breakout + volume + asset trend + BTC trend. Directly tests whether volatility compression adds value.,fixed_r_target,2.0,3.0,3.0,False,True,True,True,False,False
BTC-USD,10000.0,4980.940440318847,-50.19059559681153,168.4023763997421,-218.59297199655364,-50.19059559681153,-3.874189154630246,91,28.57142857142857,-1.3002503642568313,42.17347483135817,-94.08569085071471,0.1792981459774775,99.50589267626653,-170.2612180394952,16.47252747252747,I_full_without_volume,Full model without volume confirmation: volatility compression + breakout + asset trend + BTC trend. Tests whether the volume filter helps or kills too many good setups.,fixed_r_target,2.0,3.0,3.0,True,False,True,True,False,False
DOGE-USD,10000.0,8158.401317735497,-18.415986822645024,49.99324233004459,-68.4092291526896,-18.415986822645024,-1.8777258578056992,50,22.0,-1.6312708854612563,106.38500020096257,-77.2265047301305,0.3885456916969636,120.61747006984271,-134.9271308552112,19.42,I_full_without_volume,Full model without volume confirmation: volatility compression + breakout + asset trend + BTC trend. Tests whether the volume filter helps or kills too many good setups.,fixed_r_target,2.0,3.0,3.0,True,False,True,True,False,False
ETH-USD,10000.0,6784.027184789715,-32.15972815210285,27.298755164136512,-59.458483316239366,-32.15972815210285,-2.628711475763671,77,28.57142857142857,-1.2133123177173504,72.25925697958202,-87.3759357956561,0.3307970613262348,99.71859833985545,-175.5439392050894,17.48051948051948,I_full_without_volume,Full model without volume confirmation: volatility compression + breakout + asset trend + BTC trend. Tests whether the volume filter helps or kills too many good setups.,fixed_r_target,2.0,3.0,3.0,True,False,True,True,False,False
SOL-USD,10000.0,6850.357222775686,-31.49642777224314,260.39434204886413,-291.8907698211073,-32.99111684384122,-2.7256783280629464,84,21.428571428571427,-1.7044502880534889,92.97694636224652,-73.07920926885997,0.34698444689782,128.00955039438193,-99.14630922251476,18.392857142857142,I_full_without_volume,Full model without volume confirmation: volatility compression + breakout + asset trend + BTC trend. Tests whether the volume filter helps or kills too many good setups.,fixed_r_target,2.0,3.0,3.0,True,False,True,True,False,False
XRP-USD,10000.0,7235.890788682623,-27.64109211317377,123.03020616909062,-150.6712982822644,-27.834057766217523,-2.5009025028561362,66,24.242424242424242,-1.4041482891737294,80.5220054966536,-81.04922598527665,0.317918418660901,110.75380367548458,-146.53907846188372,18.772727272727273,I_full_without_volume,Full model without volume confirmation: volatility compression + breakout + asset trend + BTC trend. Tests whether the volume filter helps or kills too many good setups.,fixed_r_target,2.0,3.0,3.0,True,False,True,True,False,False
BTC-USD,10000.0,4644.37411094266,-53.5562588905734,168.4023763997421,-221.95863529031553,-53.5562588905734,-4.755249823602952,93,19.35483870967742,-1.3782155077500493,18.641592558633974,-75.88232740150352,0.05895947537823553,53.251957327616395,-170.2612180394952,11.0,J_full_tp_2R,Original model with 2R take-profit. Tests whether 3R is too ambitious.,fixed_r_target,2.0,2.0,3.0,True,True,True,True,False,False
DOGE-USD,10000.0,8053.55183290941,-19.464481670905897,49.99324233004459,-69.45772400095048,-19.464481670905897,-2.4631318154671358,52,26.923076923076923,-1.6987650344873066,62.277367015811286,-74.16661329768272,0.30936147804129605,85.96057654529233,-115.18895769476067,13.576923076923077,J_full_tp_2R,Original model with 2R take-profit. Tests whether 3R is too ambitious.,fixed_r_target,2.0,2.0,3.0,True,True,True,True,False,False
ETH-USD,10000.0,6443.897937026033,-35.56102062973967,27.298755164136512,-62.85977579387618,-35.56102062973967,-3.4149447916118194,80,35.0,-1.261460319015884,33.450123638876605,-86.39818317043286,0.20847203465827155,55.0384851430011,-175.5439392050894,12.55,J_full_tp_2R,Original model with 2R take-profit. Tests whether 3R is too ambitious.,fixed_r_target,2.0,2.0,3.0,True,True,True,True,False,False
SOL-USD,10000.0,6658.521805518587,-33.41478194481413,260.39434204886413,-293.80912399367827,-34.450773535244686,-3.2698230004148283,87,27.586206896551722,-1.7188524131852188,50.81985337420767,-72.39928056289523,0.26740520060467715,78.28867317057511,-96.36984472866816,13.563218390804598,J_full_tp_2R,Original model with 2R take-profit. Tests whether 3R is too ambitious.,fixed_r_target,2.0,2.0,3.0,True,True,True,True,False,False
XRP-USD,10000.0,7388.0442998496555,-26.119557001503445,123.03020616909062,-149.14976317059407,-26.119557001503445,-2.802711663796593,67,34.32835820895522,-1.261298061866742,43.073657390986185,-81.87840500325053,0.2749904013577851,71.77016414481024,-142.31751096445475,14.835820895522389,J_full_tp_2R,Original model with 2R take-profit. Tests whether 3R is too ambitious.,fixed_r_target,2.0,2.0,3.0,True,True,True,True,False,False
BTC-USD,10000.0,4333.309935130223,-56.66690064869777,168.4023763997421,-225.0692770484399,-56.66690064869777,-5.4881528058186015,99,12.121212121212121,-1.3733518992369886,8.897243078857114,-66.36157450363291,0.01849271888273452,30.293516221771267,-170.2612180394952,9.454545454545455,K_full_tp_1_5R,Original model with 1.5R take-profit. Tests whether faster profit taking fits the breakout behavior better.,fixed_r_target,2.0,1.5,3.0,True,True,True,True,False,False
DOGE-USD,10000.0,7874.502617293512,-21.254973827064884,49.99324233004459,-71.24821615710947,-21.254973827064884,-2.9270283866093783,55,30.909090909090907,-1.8164745259673616,39.82622808204403,-73.75113842371677,0.2415826677980669,62.38291924571595,-115.18895769476067,10.50909090909091,K_full_tp_1_5R,Original model with 1.5R take-profit. Tests whether faster profit taking fits the breakout behavior better.,fixed_r_target,2.0,1.5,3.0,True,True,True,True,False,False
ETH-USD,10000.0,6133.401567638157,-38.66598432361843,27.298755164136512,-65.96473948775494,-38.66598432361843,-3.9855629633590866,88,37.5,-1.298598892346927,16.418240103205516,-80.15273374122967,0.12290215944133288,34.693937774571445,-175.5439392050894,10.090909090909092,K_full_tp_1_5R,Original model with 1.5R take-profit. Tests whether faster profit taking fits the breakout behavior better.,fixed_r_target,2.0,1.5,3.0,True,True,True,True,False,False
SOL-USD,10000.0,6522.411525710774,-34.77588474289226,260.39434204886413,-295.17022679175636,-35.47296906009338,-3.724623883649414,93,32.25806451612903,-1.642409205738417,33.86328371690509,-71.3251902507361,0.22608244214756668,57.85744335585105,-95.86588079520646,11.720430107526882,K_full_tp_1_5R,Original model with 1.5R take-profit. Tests whether faster profit taking fits the breakout behavior better.,fixed_r_target,2.0,1.5,3.0,True,True,True,True,False,False
XRP-USD,10000.0,7231.745086669217,-27.68254913330783,123.03020616909062,-150.71275530239845,-27.68254913330783,-3.3321023802207344,74,37.83783783783784,-1.0952115097877342,28.60406597612469,-77.59062523178851,0.2243978643315479,53.33498169533584,-142.31751096445475,10.08108108108108,K_full_tp_1_5R,Original model with 1.5R take-profit. Tests whether faster profit taking fits the breakout behavior better.,fixed_r_target,2.0,1.5,3.0,True,True,True,True,False,False
BTC-USD,10000.0,7093.682071503607,-29.063179284963926,168.4023763997421,-197.46555568470603,-31.501007689419026,-2.3432639170271976,74,31.08108108108108,-1.278089248053201,71.53444845847933,-89.24725966747887,0.361474780724113,105.90803383139297,-157.934285325271,32.7972972972973,L_full_wider_stop,Original model with wider 3 ATR stop and fixed 3R target. Tests whether 2 ATR was too tight for crypto noise.,fixed_r_target,3.0,3.0,3.0,True,True,True,True,False,False
DOGE-USD,10000.0,9992.45286220682,-0.0754713779318128,49.99324233004459,-50.0687137079764,-5.394258648347217,0.008749280002015422,39,35.8974358974359,-0.040128484931596944,125.1380601187659,-70.37919917823581,0.9957105861497177,137.68492980789034,-93.34273846317375,40.82051282051282,L_full_wider_stop,Original model with wider 3 ATR stop and fixed 3R target. Tests whether 2 ATR was too tight for crypto noise.,fixed_r_target,3.0,3.0,3.0,True,True,True,True,False,False
ETH-USD,10000.0,8089.34561143489,-19.106543885651096,27.298755164136512,-46.40529904978761,-19.106543885651096,-1.7071965584863107,67,28.35820895522388,-1.1781221955261034,98.78250121359012,-78.90670649215268,0.4955397135257201,117.06063565483942,-136.63900666528653,34.343283582089555,L_full_wider_stop,Original model with wider 3 ATR stop and fixed 3R target. Tests whether 2 ATR was too tight for crypto noise.,fixed_r_target,3.0,3.0,3.0,True,True,True,True,False,False
SOL-USD,10000.0,8657.502509211734,-13.424974907882659,260.39434204886413,-273.8193169567468,-18.270084134259267,-1.1098083222351187,62,25.806451612903224,-1.6440705190344465,106.51208704856234,-66.23241051228852,0.5593588118735338,136.29961100746795,-79.87155926076156,49.33870967741935,L_full_wider_stop,Original model with wider 3 ATR stop and fixed 3R target. Tests whether 2 ATR was too tight for crypto noise.,fixed_r_target,3.0,3.0,3.0,True,True,True,True,False,False
XRP-USD,10000.0,8255.430674734436,-17.445693252655637,123.03020616909062,-140.47589942174625,-17.53468820806049,-1.8565901705087713,56,23.214285714285715,-1.2879356550237377,104.51195142739597,-72.16801613538867,0.43782049403677675,127.33846316835162,-111.42844064296823,31.0,L_full_wider_stop,Original model with wider 3 ATR stop and fixed 3R target. Tests whether 2 ATR was too tight for crypto noise.,fixed_r_target,3.0,3.0,3.0,True,True,True,True,False,False
BTC-USD,10000.0,1734.485051206626,-82.65514948793374,168.4023763997421,-251.05752588767584,-82.65514948793374,-7.211234237644895,292,28.424657534246577,-1.3635368513822286,27.738684656034568,-50.563759690163856,0.21786040718462332,72.19522414363102,-162.91370191666724,19.616438356164384,M_trend_btc_tp_2R,Breakout + asset trend + BTC trend with 2R target. Cleaner trend-breakout baseline without volatility or volume filters.,fixed_r_target,2.0,2.0,3.0,False,False,True,True,False,False
DOGE-USD,10000.0,5583.5355136831395,-44.164644863168604,49.99324233004459,-94.15788719321318,-44.25847318036637,-2.988675043862862,238,35.714285714285715,-1.1437228104174795,49.76763955215963,-56.514469596407935,0.4892320292048894,72.16431780734409,-135.4228281375435,14.655462184873949,M_trend_btc_tp_2R,Breakout + asset trend + BTC trend with 2R target. Cleaner trend-breakout baseline without volatility or volume filters.,fixed_r_target,2.0,2.0,3.0,False,False,True,True,False,False
ETH-USD,10000.0,3560.502069384412,-64.39497930615588,27.298755164136512,-91.69373447029238,-64.39497930615588,-4.864192505907017,255,33.72549019607843,-1.346468789410309,34.224982646823214,-55.519801409718184,0.31369462635883816,62.168999751583904,-177.20641131568635,17.764705882352942,M_trend_btc_tp_2R,Breakout + asset trend + BTC trend with 2R target. Cleaner trend-breakout baseline without volatility or volume filters.,fixed_r_target,2.0,2.0,3.0,False,False,True,True,False,False
SOL-USD,10000.0,5132.153376530614,-48.678466234693865,260.39434204886413,-309.072808283558,-48.678466234693865,-3.063821189190188,256,35.546875,-1.1789741012149564,57.49424398474938,-61.21104743079749,0.518026533010187,88.4993412592752,-99.25861664033894,22.53515625,M_trend_btc_tp_2R,Breakout + asset trend + BTC trend with 2R target. Cleaner trend-breakout baseline without volatility or volume filters.,fixed_r_target,2.0,2.0,3.0,False,False,True,True,False,False
XRP-USD,10000.0,4680.571910421883,-53.19428089578116,123.03020616909062,-176.2244870648718,-53.19428089578116,-3.9546616759813364,224,34.375,-1.1604624173206501,43.43051266534799,-58.935901801427946,0.3860009851836735,73.85761411723567,-143.55774054799312,14.620535714285714,M_trend_btc_tp_2R,Breakout + asset trend + BTC trend with 2R target. Cleaner trend-breakout baseline without volatility or volume filters.,fixed_r_target,2.0,2.0,3.0,False,False,True,True,False,False
BTC-USD,10000.0,6760.014752433544,-32.39985247566456,168.4023763997421,-200.80222887540668,-35.41129081175632,-2.1811720500584557,77,15.584415584415584,-1.169446514521823,112.21026854769782,-70.56166877136667,0.2935835028626067,416.76706298667744,-158.97714130738345,30.753246753246753,N_full_ema50_exit,"Original full entry model, no fixed take-profit. Uses 3 ATR initial stop, then exits when close falls below EMA 50. Tests whether medium-term trend exits let winners run better than fixed targets.",ema50_exit,3.0,3.0,3.0,True,True,True,True,False,False
DOGE-USD,10000.0,9661.18168403653,-3.3881831596347056,49.99324233004459,-53.38142548967929,-10.327193443733417,-0.24997002411595023,45,20.0,0.01723703478127482,165.24941358622237,-50.72397328442976,0.8144542061975425,668.1083187895936,-93.34273846317375,26.844444444444445,N_full_ema50_exit,"Original full entry model, no fixed take-profit. Uses 3 ATR initial stop, then exits when close falls below EMA 50. Tests whether medium-term trend exits let winners run better than fixed targets.",ema50_exit,3.0,3.0,3.0,True,True,True,True,False,False
ETH-USD,10000.0,7683.930353168368,-23.16069646831632,27.298755164136512,-50.45945163245283,-26.081595468846608,-1.7688612245355284,76,18.421052631578945,-1.2147893973761692,111.19683772255148,-62.464925402376544,0.401968996120019,445.1051393882114,-136.63900666528653,26.88157894736842,N_full_ema50_exit,"Original full entry model, no fixed take-profit. Uses 3 ATR initial stop, then exits when close falls below EMA 50. Tests whether medium-term trend exits let winners run better than fixed targets.",ema50_exit,3.0,3.0,3.0,True,True,True,True,False,False
SOL-USD,10000.0,8073.495710735414,-19.265042892645855,260.39434204886413,-279.65938494151,-24.225089637265928,-1.6359800049969386,76,15.789473684210526,-1.6897599664634824,86.6206083995114,-46.34299359466765,0.3504599684897603,390.13750999999945,-90.34576194424457,24.25,N_full_ema50_exit,"Original full entry model, no fixed take-profit. Uses 3 ATR initial stop, then exits when close falls below EMA 50. Tests whether medium-term trend exits let winners run better than fixed targets.",ema50_exit,3.0,3.0,3.0,True,True,True,True,False,False
XRP-USD,10000.0,8868.623217900653,-11.31376782099347,123.03020616909062,-134.3439739900841,-14.309855904341262,-0.7066353925293815,62,19.35483870967742,-0.3454135340477082,143.252458851003,-57.008125766227465,0.6030822740116872,554.7203263887799,-111.42844064296823,26.596774193548388,N_full_ema50_exit,"Original full entry model, no fixed take-profit. Uses 3 ATR initial stop, then exits when close falls below EMA 50. Tests whether medium-term trend exits let winners run better than fixed targets.",ema50_exit,3.0,3.0,3.0,True,True,True,True,False,False
BTC-USD,10000.0,7628.502001358708,-23.71497998641292,168.4023763997421,-192.11735638615502,-33.30044710113063,-1.1683751497471058,60,16.666666666666664,-1.0655284687372937,223.75738585166786,-92.18143714315947,0.48547168016955194,1141.6534227127997,-178.87487074841195,69.96666666666667,O_full_ema200_exit,"Original full entry model, no fixed take-profit. Uses 3 ATR initial stop, then exits when close falls below EMA 200. Tests whether slower trend exits capture larger crypto moves.",ema200_exit,3.0,3.0,3.0,True,True,True,True,False,False
DOGE-USD,10000.0,9811.466582803352,-1.8853341719664796,49.99324233004459,-51.878576502011065,-9.629064789825259,-0.07933336408902543,36,22.22222222222222,0.679524049924296,190.3153708910748,-61.10915658304445,0.8898146087272312,739.68482200856,-93.34273846317375,70.19444444444444,O_full_ema200_exit,"Original full entry model, no fixed take-profit. Uses 3 ATR initial stop, then exits when close falls below EMA 200. Tests whether slower trend exits capture larger crypto moves.",ema200_exit,3.0,3.0,3.0,True,True,True,True,False,False
ETH-USD,10000.0,9411.568023504204,-5.884319764957969,27.298755164136512,-33.18307492909448,-21.225454345030858,-0.24002959835528323,54,14.814814814814813,-0.4135934782804516,374.9392829466723,-77.99883130585147,0.8359975492596997,1169.027602712442,-136.63900666528653,76.88888888888889,O_full_ema200_exit,"Original full entry model, no fixed take-profit. Uses 3 ATR initial stop, then exits when close falls below EMA 200. Tests whether slower trend exits capture larger crypto moves.",ema200_exit,3.0,3.0,3.0,True,True,True,True,False,False
SOL-USD,10000.0,9104.516683875647,-8.954833161243537,260.39434204886413,-269.34917521010766,-24.525334403799082,-0.38844770709398446,59,15.254237288135593,-0.884144838069087,263.83227425475684,-65.39947568834306,0.7261496956361826,1219.8491899999976,-101.88331379740161,71.88135593220339,O_full_ema200_exit,"Original full entry model, no fixed take-profit. Uses 3 ATR initial stop, then exits when close falls below EMA 200. Tests whether slower trend exits capture larger crypto moves.",ema200_exit,3.0,3.0,3.0,True,True,True,True,False,False
XRP-USD,10000.0,16239.562370640993,62.39562370640994,123.03020616909062,-60.634582462680676,-18.4894076345558,1.097831884976234,49,14.285714285714285,4.878903370703245,1481.4302903608072,-98.34403956868202,2.510625447931016,6786.191133674498,-153.49878586728167,67.18367346938776,O_full_ema200_exit,"Original full entry model, no fixed take-profit. Uses 3 ATR initial stop, then exits when close falls below EMA 200. Tests whether slower trend exits capture larger crypto moves.",ema200_exit,3.0,3.0,3.0,True,True,True,True,False,False
BTC-USD,10000.0,7109.767446248076,-28.902325537519236,168.4023763997421,-197.30470193726134,-32.869647582493954,-2.1137151935793526,80,21.25,-1.0057934611381714,97.22650578574155,-72.11243098586567,0.3638169373127413,476.56920044834897,-162.88962013685702,23.2,P_full_atr_trailing,"Original full entry model, no fixed take-profit. Uses 3 ATR initial stop and 3 ATR trailing stop. Tests whether dynamic trailing exits capture trends better than fixed R targets.",atr_trailing_stop,3.0,3.0,3.0,True,True,True,True,False,False
DOGE-USD,10000.0,9398.538049023153,-6.014619509768471,49.99324233004459,-56.00786183981305,-8.169743197778512,-0.6443983783134777,45,24.444444444444443,-1.0301065059920227,96.69404790530461,-48.97342582162333,0.6387825216454204,403.52467307902464,-89.38428629916483,21.955555555555556,P_full_atr_trailing,"Original full entry model, no fixed take-profit. Uses 3 ATR initial stop and 3 ATR trailing stop. Tests whether dynamic trailing exits capture trends better than fixed R targets.",atr_trailing_stop,3.0,3.0,3.0,True,True,True,True,False,False
ETH-USD,10000.0,8194.270757918883,-18.057292420811176,27.298755164136512,-45.35604758494769,-21.09545553205021,-1.4493568708307571,75,22.666666666666664,-0.9221440359124132,92.30170607367064,-58.18721112644021,0.46494664047654727,403.51609548956907,-136.63900666528653,21.733333333333334,P_full_atr_trailing,"Original full entry model, no fixed take-profit. Uses 3 ATR initial stop and 3 ATR trailing stop. Tests whether dynamic trailing exits capture trends better than fixed R targets.",atr_trailing_stop,3.0,3.0,3.0,True,True,True,True,False,False
SOL-USD,10000.0,7628.1105353330495,-23.718894646669508,260.39434204886413,-284.11323669553366,-25.505465377438995,-2.597732207386664,79,13.924050632911392,-2.0172224122905074,48.26050868483264,-42.68757441470733,0.18288335892059882,124.35247900413323,-81.26223211070746,19.025316455696203,P_full_atr_trailing,"Original full entry model, no fixed take-profit. Uses 3 ATR initial stop and 3 ATR trailing stop. Tests whether dynamic trailing exits capture trends better than fixed R targets.",atr_trailing_stop,3.0,3.0,3.0,True,True,True,True,False,False
XRP-USD,10000.0,9270.083762379401,-7.299162376205981,123.03020616909062,-130.3293685452966,-14.03095071097944,-0.5485802493095238,60,21.666666666666668,0.2347140299054245,142.4457850982487,-54.93003072123038,0.717274275811948,444.53545002282215,-111.42844064296823,23.383333333333333,P_full_atr_trailing,"Original full entry model, no fixed take-profit. Uses 3 ATR initial stop and 3 ATR trailing stop. Tests whether dynamic trailing exits capture trends better than fixed R targets.",atr_trailing_stop,3.0,3.0,3.0,True,True,True,True,False,False
BTC-USD,10000.0,4460.113215116426,-55.39886784883574,168.4023763997421,-223.80124424857786,-56.2309665252033,-3.7638442580463285,221,21.71945701357466,-1.190334722004825,61.53298176144574,-49.09520178862982,0.34774752322005725,442.61330686350993,-142.32508241088806,22.15837104072398,Q_trend_btc_atr_trailing,Breakout + asset trend + BTC trend with 3 ATR trailing stop. Removes volatility and volume filters to test a cleaner trend-following version that lets winners run.,atr_trailing_stop,3.0,3.0,3.0,False,False,True,True,False,False
DOGE-USD,10000.0,8794.39830760554,-12.056016923944613,49.99324233004459,-62.0492592539892,-13.385431867490038,-0.6438290548652167,151,30.4635761589404,-0.5265034572216895,76.88720007486371,-45.16583710322088,0.7457830604643337,411.38396789457215,-104.25225563744382,24.28476821192053,Q_trend_btc_atr_trailing,Breakout + asset trend + BTC trend with 3 ATR trailing stop. Removes volatility and volume filters to test a cleaner trend-following version that lets winners run.,atr_trailing_stop,3.0,3.0,3.0,False,False,True,True,False,False
ETH-USD,10000.0,6458.271664920685,-35.41728335079315,27.298755164136512,-62.716038514929664,-35.668453636393785,-2.4135937065623394,185,23.243243243243246,-1.036292093999347,68.65593727250474,-45.731927026739534,0.45460971229130126,390.07209981187737,-140.64599584993348,22.43243243243243,Q_trend_btc_atr_trailing,Breakout + asset trend + BTC trend with 3 ATR trailing stop. Removes volatility and volume filters to test a cleaner trend-following version that lets winners run.,atr_trailing_stop,3.0,3.0,3.0,False,False,True,True,False,False
SOL-USD,10000.0,7473.707864005778,-25.262921359942226,260.39434204886413,-285.6572634088064,-29.091661701132164,-1.6542366776723014,196,27.040816326530614,-1.0713232267079398,58.29108149114792,-39.27076541975572,0.5501391840837692,318.7288164389726,-83.71323876089664,24.658163265306122,Q_trend_btc_atr_trailing,Breakout + asset trend + BTC trend with 3 ATR trailing stop. Removes volatility and volume filters to test a cleaner trend-following version that lets winners run.,atr_trailing_stop,3.0,3.0,3.0,False,False,True,True,False,False
XRP-USD,10000.0,7911.609342195413,-20.883906578045874,123.03020616909062,-143.91411274713647,-22.63617058515074,-1.2540276896370788,146,25.34246575342466,-0.3985584141391357,82.81042327302329,-47.26950751290319,0.5946742767718041,412.4488411016821,-101.57215049188467,22.575342465753426,Q_trend_btc_atr_trailing,Breakout + asset trend + BTC trend with 3 ATR trailing stop. Removes volatility and volume filters to test a cleaner trend-following version that lets winners run.,atr_trailing_stop,3.0,3.0,3.0,False,False,True,True,False,False
BTC-USD,10000.0,7660.791430855604,-23.392085691443963,168.4023763997421,-191.7944620911861,-30.640591871823787,-1.3579814873259808,71,22.535211267605636,-0.9090726306363455,156.4149240569422,-88.03358825555422,0.516876845118814,815.0409765541408,-168.83504449526362,38.87323943661972,R_full_donchian_low_exit,"Original full entry model, no fixed take-profit. Uses 3 ATR initial stop, then exits when close falls below the previous 20-bar low. Tests a structural price-action exit.",donchian_low_exit,3.0,3.0,3.0,True,True,True,True,False,False
DOGE-USD,10000.0,9757.987278803392,-2.4201272119660833,49.99324233004459,-52.41336954201067,-9.314368588374977,-0.15112877272517722,43,23.25581395348837,0.1300296639406655,177.52074829698674,-61.12788497474131,0.8800266224298511,641.4077619901901,-93.34273846317375,36.74418604651163,R_full_donchian_low_exit,"Original full entry model, no fixed take-profit. Uses 3 ATR initial stop, then exits when close falls below the previous 20-bar low. Tests a structural price-action exit.",donchian_low_exit,3.0,3.0,3.0,True,True,True,True,False,False
ETH-USD,10000.0,8678.573174662057,-13.214268253379435,27.298755164136512,-40.513023417515946,-16.904999087272433,-0.8232904717233548,66,24.242424242424242,-0.8294651712649337,137.39304748225206,-70.39431170107926,0.6245643168018445,533.0943029861356,-136.63900666528653,39.378787878787875,R_full_donchian_low_exit,"Original full entry model, no fixed take-profit. Uses 3 ATR initial stop, then exits when close falls below the previous 20-bar low. Tests a structural price-action exit.",donchian_low_exit,3.0,3.0,3.0,True,True,True,True,False,False
SOL-USD,10000.0,8507.406425740834,-14.925935742591667,260.39434204886413,-275.3202777914558,-23.394379072681147,-1.0054952994193564,74,21.62162162162162,-1.3689502642374485,109.06622010902623,-55.8216051035099,0.5389890361936704,390.13750999999945,-95.2014026193005,35.41891891891892,R_full_donchian_low_exit,"Original full entry model, no fixed take-profit. Uses 3 ATR initial stop, then exits when close falls below the previous 20-bar low. Tests a structural price-action exit.",donchian_low_exit,3.0,3.0,3.0,True,True,True,True,False,False
XRP-USD,10000.0,12593.268687399808,25.93268687399808,123.03020616909062,-97.09751929509254,-15.45678640268372,0.8321482812707632,57,14.035087719298245,2.3290962013434635,763.2475217673721,-71.68798952528898,1.7382526851948037,3041.7059682905697,-118.47095235012077,41.8421052631579,R_full_donchian_low_exit,"Original full entry model, no fixed take-profit. Uses 3 ATR initial stop, then exits when close falls below the previous 20-bar low. Tests a structural price-action exit.",donchian_low_exit,3.0,3.0,3.0,True,True,True,True,False,False
BTC-USD,10000.0,5778.028646399437,-42.219713536005635,168.4023763997421,-210.62208993574774,-44.91789195597381,-2.174051202765978,169,20.710059171597635,-1.0683105155728174,118.94249481495889,-62.57431844868746,0.49648274741811843,780.1114121968726,-147.45567991490364,41.84615384615385,S_trend_btc_donchian_low_exit,"Breakout + asset trend + BTC trend with Donchian-low exit. Removes volatility and volume filters, then exits on structural breakdown.",donchian_low_exit,3.0,3.0,3.0,False,False,True,True,False,False
DOGE-USD,10000.0,10215.510758449484,2.155107584494842,49.99324233004459,-47.838134745549745,-12.655119801402915,0.13071825533128476,123,26.82926829268293,0.1450194099091257,164.63359374360215,-57.971087056548704,1.041306176998825,906.8935828550586,-107.02731929635796,39.6910569105691,S_trend_btc_donchian_low_exit,"Breakout + asset trend + BTC trend with Donchian-low exit. Removes volatility and volume filters, then exits on structural breakdown.",donchian_low_exit,3.0,3.0,3.0,False,False,True,True,False,False
ETH-USD,10000.0,8000.004540076737,-19.999954599232627,27.298755164136512,-47.29870976336914,-21.836745363624544,-1.0154858296222198,138,25.36231884057971,-0.8148356602564283,111.27531370964374,-57.22943145398807,0.6607089891264841,612.7312977849745,-140.64599584993348,42.19565217391305,S_trend_btc_donchian_low_exit,"Breakout + asset trend + BTC trend with Donchian-low exit. Removes volatility and volume filters, then exits on structural breakdown.",donchian_low_exit,3.0,3.0,3.0,False,False,True,True,False,False
SOL-USD,10000.0,9590.935805549245,-4.090641944507556,260.39434204886413,-264.4849839933717,-15.160632810823028,-0.1548064890090077,145,30.344827586206897,-0.17753204240000442,114.21519103383079,-53.80725346474557,0.9247287256211663,486.3639157623135,-107.32654529790466,44.39310344827586,S_trend_btc_donchian_low_exit,"Breakout + asset trend + BTC trend with Donchian-low exit. Removes volatility and volume filters, then exits on structural breakdown.",donchian_low_exit,3.0,3.0,3.0,False,False,True,True,False,False
XRP-USD,10000.0,10386.311686571526,3.863116865715255,123.03020616909062,-119.16708930337536,-23.449601033302613,0.18248493279207909,114,20.175438596491226,0.3361548249556897,246.7677781608759,-58.124694627787086,1.0730357965078816,2316.2169159146065,-112.647638790384,42.74561403508772,S_trend_btc_donchian_low_exit,"Breakout + asset trend + BTC trend with Donchian-low exit. Removes volatility and volume filters, then exits on structural breakdown.",donchian_low_exit,3.0,3.0,3.0,False,False,True,True,False,False
BTC-USD,10000.0,6342.8840711202065,-36.571159288797936,168.4023763997421,-204.97353568854004,-43.43483734101249,-1.5008295153292324,149,16.10738255033557,-0.8099953052180224,193.20975405198058,-66.35320020901862,0.5590728504597161,1091.6966608461557,-164.04055004347657,57.966442953020135,T_low_vol_trend_ema200_exit,"Low-volatility compression + asset trend + BTC trend, no Donchian breakout, 3 ATR initial stop and EMA200 exit. Tests whether volatility compression is useful without requiring a breakout trigger.",ema200_exit,3.0,3.0,3.0,True,False,True,True,False,False
DOGE-USD,10000.0,8727.02712462374,-12.729728753762593,49.99324233004459,-62.72297108380718,-17.1868970831376,-0.46844952060296985,127,16.535433070866144,-0.33215693838436966,165.10515039000774,-44.71868899590969,0.7314505782876182,685.4038113843802,-95.57512737059584,44.511811023622045,T_low_vol_trend_ema200_exit,"Low-volatility compression + asset trend + BTC trend, no Donchian breakout, 3 ATR initial stop and EMA200 exit. Tests whether volatility compression is useful without requiring a breakout trigger.",ema200_exit,3.0,3.0,3.0,True,False,True,True,False,False
ETH-USD,10000.0,7444.1465343242635,-25.55853465675737,27.298755164136512,-52.85728982089388,-31.79149698460858,-1.00932519127805,151,13.90728476821192,-1.0093292682622639,212.9732010580803,-54.063774522272695,0.6363477865140652,1203.1220107110805,-143.0694391093183,46.920529801324506,T_low_vol_trend_ema200_exit,"Low-volatility compression + asset trend + BTC trend, no Donchian breakout, 3 ATR initial stop and EMA200 exit. Tests whether volatility compression is useful without requiring a breakout trigger.",ema200_exit,3.0,3.0,3.0,True,False,True,True,False,False
SOL-USD,10000.0,8123.105724044174,-18.76894275955826,260.39434204886413,-279.1632848084224,-36.512893507752544,-0.6581715667166892,157,12.738853503184714,-0.5574625581351488,249.7616702140428,-50.16151591413637,0.7268830901740195,2274.042833582401,-95.11464743179695,47.17834394904459,T_low_vol_trend_ema200_exit,"Low-volatility compression + asset trend + BTC trend, no Donchian breakout, 3 ATR initial stop and EMA200 exit. Tests whether volatility compression is useful without requiring a breakout trigger.",ema200_exit,3.0,3.0,3.0,True,False,True,True,False,False
XRP-USD,10000.0,10131.70233104587,1.3170233104587092,123.03020616909062,-121.71318285863191,-31.164336369283486,0.11468948740158239,145,5.517241379310345,0.34140035790383544,1024.7454541067273,-58.877819721225926,1.016327555743371,5354.89069621687,-122.75835549575555,40.97241379310345,T_low_vol_trend_ema200_exit,"Low-volatility compression + asset trend + BTC trend, no Donchian breakout, 3 ATR initial stop and EMA200 exit. Tests whether volatility compression is useful without requiring a breakout trigger.",ema200_exit,3.0,3.0,3.0,True,False,True,True,False,False
BTC-USD,10000.0,3738.512725248245,-62.61487274751756,168.4023763997421,-231.01724914725966,-62.791642197004464,-3.3943235727348973,289,11.072664359861593,-1.163019670941133,122.11590054373879,-39.56885638969415,0.3842691970917561,669.4793602976231,-136.1003959442479,39.77162629757785,U_trend_only_ema200_exit,"Asset trend + BTC trend only, no volatility, breakout, or volume filter, 3 ATR initial stop and EMA200 exit. This is the dumb-but-important baseline: if it wins, the fancy filters are probably hurting.",ema200_exit,3.0,3.0,3.0,False,False,True,True,False,False
DOGE-USD,10000.0,8428.445346316445,-15.715546536835557,49.99324233004459,-65.70878886688014,-25.993924677465706,-0.4346346875058948,220,14.09090909090909,-0.4055791611200151,179.31123980777156,-37.72594226309243,0.7795918805750179,1119.178988388784,-89.23984636192613,38.345454545454544,U_trend_only_ema200_exit,"Asset trend + BTC trend only, no volatility, breakout, or volume filter, 3 ATR initial stop and EMA200 exit. This is the dumb-but-important baseline: if it wins, the fancy filters are probably hurting.",ema200_exit,3.0,3.0,3.0,False,False,True,True,False,False
ETH-USD,10000.0,6389.732983379073,-36.10267016620927,27.298755164136512,-63.40142533034579,-36.29105848730971,-1.5986063880828276,234,11.965811965811966,-1.0221379105604225,167.73743894120113,-40.324831587255204,0.5653901739446263,1039.7166650550366,-128.66216918996224,41.41025641025641,U_trend_only_ema200_exit,"Asset trend + BTC trend only, no volatility, breakout, or volume filter, 3 ATR initial stop and EMA200 exit. This is the dumb-but-important baseline: if it wins, the fancy filters are probably hurting.",ema200_exit,3.0,3.0,3.0,False,False,True,True,False,False
SOL-USD,10000.0,7915.788380779451,-20.842116192205495,260.39434204886413,-281.2364582410696,-38.271635047095266,-0.7356142511715957,223,13.452914798206278,-0.5097261678670997,201.83112766528257,-42.171738078647834,0.7439274636097353,2186.075486108626,-98.47381243254759,45.32286995515695,U_trend_only_ema200_exit,"Asset trend + BTC trend only, no volatility, breakout, or volume filter, 3 ATR initial stop and EMA200 exit. This is the dumb-but-important baseline: if it wins, the fancy filters are probably hurting.",ema200_exit,3.0,3.0,3.0,False,False,True,True,False,False
XRP-USD,10000.0,6989.988948652973,-30.10011051347027,123.03020616909062,-153.13031668256087,-36.25838600029423,-0.849167658639883,236,7.627118644067797,-0.42095311167282934,290.2560217182946,-37.77348368016667,0.6344687119487625,2882.765765453677,-121.72293434100555,37.228813559322035,U_trend_only_ema200_exit,"Asset trend + BTC trend only, no volatility, breakout, or volume filter, 3 ATR initial stop and EMA200 exit. This is the dumb-but-important baseline: if it wins, the fancy filters are probably hurting.",ema200_exit,3.0,3.0,3.0,False,False,True,True,False,False
BTC-USD,10000.0,7232.418324008421,-27.675816759915783,168.4023763997421,-196.0781931596579,-36.706145260771386,-1.198888198434649,154,17.532467532467532,-0.8686617778654542,171.65026852053143,-58.284558472802594,0.626110546743012,1014.2382137544414,-168.3188183213066,60.86363636363637,V_pullback_reclaim_ema200_exit,"Asset trend + BTC trend + RSI reclaim above 50, no Donchian breakout, 3 ATR initial stop and EMA200 exit. Tests pullback/momentum-recovery entries instead of buying breakouts.",ema200_exit,3.0,3.0,3.0,False,False,True,True,False,True
DOGE-USD,10000.0,9018.87984204959,-9.811201579504104,49.99324233004459,-59.80444390954869,-27.153385339977454,-0.26690389831852485,132,15.151515151515152,-0.3305569902821248,227.5510405623504,-49.39411579640539,0.8226509115705462,1241.4363307950684,-115.73008631122974,46.96212121212121,V_pullback_reclaim_ema200_exit,"Asset trend + BTC trend + RSI reclaim above 50, no Donchian breakout, 3 ATR initial stop and EMA200 exit. Tests pullback/momentum-recovery entries instead of buying breakouts.",ema200_exit,3.0,3.0,3.0,False,False,True,True,False,True
ETH-USD,10000.0,8394.924375949167,-16.050756240508324,27.298755164136512,-43.349511404644836,-27.236036669452467,-0.640377943558035,137,13.138686131386862,-0.8983531078874791,259.6406213124871,-52.76140174517314,0.7443579964127345,1295.7585608551767,-150.67587597293274,53.846715328467155,V_pullback_reclaim_ema200_exit,"Asset trend + BTC trend + RSI reclaim above 50, no Donchian breakout, 3 ATR initial stop and EMA200 exit. Tests pullback/momentum-recovery entries instead of buying breakouts.",ema200_exit,3.0,3.0,3.0,False,False,True,True,False,True
SOL-USD,10000.0,8630.210421669319,-13.697895783306812,260.39434204886413,-274.09223783217095,-27.61936796273815,-0.5750417130246493,128,18.75,-0.01617008903099726,164.98077258571323,-51.24353961911344,0.7429714314098181,1514.3246766520376,-100.14164404225902,60.859375,V_pullback_reclaim_ema200_exit,"Asset trend + BTC trend + RSI reclaim above 50, no Donchian breakout, 3 ATR initial stop and EMA200 exit. Tests pullback/momentum-recovery entries instead of buying breakouts.",ema200_exit,3.0,3.0,3.0,False,False,True,True,False,True
XRP-USD,10000.0,7223.800146719904,-27.76199853280096,123.03020616909062,-150.79220470189156,-32.95558384377908,-0.8687045193842832,169,5.325443786982249,-0.5087426525435325,510.74808545579003,-46.08082888988888,0.6234605691563867,2516.7532198535464,-112.38689163848545,38.201183431952664,V_pullback_reclaim_ema200_exit,"Asset trend + BTC trend + RSI reclaim above 50, no Donchian breakout, 3 ATR initial stop and EMA200 exit. Tests pullback/momentum-recovery entries instead of buying breakouts.",ema200_exit,3.0,3.0,3.0,False,False,True,True,False,True
BTC-USD,10000.0,5734.465907644171,-42.655340923558285,168.4023763997421,-211.0577173233004,-51.261745965849215,-1.73949562106007,197,16.751269035532996,-1.093428224817778,176.07930152223366,-61.43994538164345,0.5766702906371289,1861.9503816456433,-173.13027312047456,57.2741116751269,W_ema50_breakout_ema200_exit,"Donchian breakout + price above EMA50 + BTC trend, 3 ATR initial stop and EMA200 exit. Tests a simpler breakout variant without volatility and volume filters.",ema200_exit,3.0,3.0,3.0,False,False,False,True,True,False
DOGE-USD,10000.0,6821.072531338769,-31.789274686612313,49.99324233004459,-81.7825170166569,-35.45661990566502,-1.0196522021302779,264,12.121212121212121,-0.6214131740993512,153.1276329953709,-34.82332639876334,0.6065202555634596,937.4114688946693,-142.30011667431057,31.738636363636363,W_ema50_breakout_ema200_exit,"Donchian breakout + price above EMA50 + BTC trend, 3 ATR initial stop and EMA200 exit. Tests a simpler breakout variant without volatility and volume filters.",ema200_exit,3.0,3.0,3.0,False,False,False,True,True,False
ETH-USD,10000.0,5119.546599012353,-48.80453400987646,27.298755164136512,-76.10328917401297,-48.80453400987646,-2.4522090937942216,250,9.6,-1.2158789758598478,159.45630920419777,-38.52833991986016,0.4395053978977385,760.7995209863776,-148.8891891841456,38.424,W_ema50_breakout_ema200_exit,"Donchian breakout + price above EMA50 + BTC trend, 3 ATR initial stop and EMA200 exit. Tests a simpler breakout variant without volatility and volume filters.",ema200_exit,3.0,3.0,3.0,False,False,False,True,True,False
SOL-USD,10000.0,8520.715933456999,-14.792840665430006,260.39434204886413,-275.1871827142941,-41.60620369904906,-0.38710824171501557,241,12.863070539419086,-0.5175592028771674,280.8866046894296,-48.50842291388241,0.8547837794441067,3309.002313716822,-99.0795484464037,41.634854771784234,W_ema50_breakout_ema200_exit,"Donchian breakout + price above EMA50 + BTC trend, 3 ATR initial stop and EMA200 exit. Tests a simpler breakout variant without volatility and volume filters.",ema200_exit,3.0,3.0,3.0,False,False,False,True,True,False
XRP-USD,10000.0,8199.468925616948,-18.005310743830528,123.03020616909062,-141.03551691292117,-41.58078946607303,-0.330460553133399,238,8.403361344537815,-0.17764997490963602,368.9329691025515,-42.10637824052337,0.8038464194714476,3957.3015408434167,-105.83433678341734,32.857142857142854,W_ema50_breakout_ema200_exit,"Donchian breakout + price above EMA50 + BTC trend, 3 ATR initial stop and EMA200 exit. Tests a simpler breakout variant without volatility and volume filters.",ema200_exit,3.0,3.0,3.0,False,False,False,True,True,False
