time,product_id,open,high,low,close,volume
2026-04-04 13:00:00+00:00,BTC-USD,67084.98,67262.53,67069.98,67183.97,139.16638182
2026-04-04 14:00:00+00:00,BTC-USD,67183.97,67214.0,67020.01,67199.8,139.19218853
2026-04-04 15:00:00+00:00,BTC-USD,67199.8,67528.2,67175.62,67374.49,233.6511436
2026-04-04 16:00:00+00:00,BTC-USD,67374.49,67513.45,67314.28,67358.99,169.99928864
2026-04-04 17:00:00+00:00,BTC-USD,67361.82,67408.32,67276.45,67324.02,90.91568739
2026-04-04 18:00:00+00:00,BTC-USD,67324.02,67374.0,67245.37,67284.05,64.00992871
2026-04-04 19:00:00+00:00,BTC-USD,67284.05,67535.2,67265.0,67281.99,90.29789134
2026-04-04 20:00:00+00:00,BTC-USD,67281.99,67291.5,67170.6,67267.48,116.66053489
2026-04-04 21:00:00+00:00,BTC-USD,67267.48,67456.48,67200.0,67350.08,108.66419933
2026-04-04 22:00:00+00:00,BTC-USD,67350.08,67463.75,67329.36,67395.98,94.76437135
2026-04-04 23:00:00+00:00,BTC-USD,67395.98,67395.98,67244.0,67291.73,129.60795159
2026-04-05 00:00:00+00:00,BTC-USD,67291.72,67300.25,67137.49,67199.99,110.41522353
2026-04-05 01:00:00+00:00,BTC-USD,67200.0,67221.66,67062.24,67079.99,96.74162781
2026-04-05 02:00:00+00:00,BTC-USD,67079.99,67171.98,66953.51,67157.96,92.82697485
2026-04-05 03:00:00+00:00,BTC-USD,67157.96,67183.68,67077.04,67138.55,50.53627209
2026-04-05 04:00:00+00:00,BTC-USD,67138.55,67181.99,67055.98,67085.1,41.35069953
2026-04-05 05:00:00+00:00,BTC-USD,67084.93,67142.88,66883.25,66918.59,82.57372239
2026-04-05 06:00:00+00:00,BTC-USD,66918.6,66931.2,66600.0,66786.0,142.70521118
2026-04-05 07:00:00+00:00,BTC-USD,66786.0,66901.79,66706.92,66808.57,77.80973199
2026-04-05 08:00:00+00:00,BTC-USD,66808.56,66926.0,66802.69,66917.55,42.58551488
2026-04-05 09:00:00+00:00,BTC-USD,66917.54,67037.97,66883.33,67017.85,56.37540515
2026-04-05 10:00:00+00:00,BTC-USD,67018.2,67127.76,66950.01,67023.31,74.90113265
2026-04-05 11:00:00+00:00,BTC-USD,67028.85,67092.0,66963.96,66990.35,67.66820916
2026-04-05 12:00:00+00:00,BTC-USD,66990.34,66990.34,66669.24,66770.91,74.15746707
2026-04-05 13:00:00+00:00,BTC-USD,66770.91,66905.32,66684.25,66878.54,58.25414154
2026-04-05 14:00:00+00:00,BTC-USD,66878.54,66959.95,66806.0,66912.24,98.67422802
2026-04-05 15:00:00+00:00,BTC-USD,66913.12,67812.0,66817.8,67291.57,399.15001262
2026-04-05 16:00:00+00:00,BTC-USD,67291.53,67396.63,67144.51,67194.96,143.90320187
2026-04-05 17:00:00+00:00,BTC-USD,67194.96,67386.3,67160.0,67346.72,115.84151778
2026-04-05 18:00:00+00:00,BTC-USD,67348.91,67438.38,67246.63,67395.61,103.20378407
2026-04-05 19:00:00+00:00,BTC-USD,67396.67,67538.48,67266.37,67350.84,169.70182832
2026-04-05 20:00:00+00:00,BTC-USD,67350.84,67684.68,67314.25,67644.01,173.3092639
2026-04-05 21:00:00+00:00,BTC-USD,67644.01,67659.48,67397.4,67533.26,143.36917092
2026-04-05 22:00:00+00:00,BTC-USD,67533.27,68354.25,67323.88,68320.43,730.93899378
2026-04-05 23:00:00+00:00,BTC-USD,68320.42,69117.6,68241.61,69005.0,663.38415805
2026-04-06 00:00:00+00:00,BTC-USD,69005.0,69561.0,69004.99,69065.2,543.17061422
2026-04-06 01:00:00+00:00,BTC-USD,69065.2,69119.0,68761.46,68789.5,186.93894382
2026-04-06 02:00:00+00:00,BTC-USD,68789.5,69388.0,68738.74,69194.96,305.76828728
2026-04-06 03:00:00+00:00,BTC-USD,69191.64,69242.93,69037.92,69107.0,184.584603
2026-04-06 04:00:00+00:00,BTC-USD,69107.02,69198.36,68952.0,69120.03,146.72211045
2026-04-06 05:00:00+00:00,BTC-USD,69120.03,69226.92,69068.46,69180.0,75.16520359
2026-04-06 06:00:00+00:00,BTC-USD,69179.99,69337.67,68790.97,68965.98,174.9558729
2026-04-06 07:00:00+00:00,BTC-USD,68965.98,69197.03,68811.13,69100.0,89.80896314
2026-04-06 08:00:00+00:00,BTC-USD,69101.74,69341.07,69064.94,69215.44,137.57511507
2026-04-06 09:00:00+00:00,BTC-USD,69215.17,70271.25,69200.0,69735.03,879.10461122
2026-04-06 10:00:00+00:00,BTC-USD,69735.03,69956.35,69700.01,69773.9,283.87085772
2026-04-06 11:00:00+00:00,BTC-USD,69772.22,69772.22,69565.01,69619.77,148.32349867
2026-04-06 12:00:00+00:00,BTC-USD,69620.0,69642.0,69323.88,69367.96,286.90978778
2026-04-06 13:00:00+00:00,BTC-USD,69367.96,69562.38,69230.0,69427.53,526.79094908
2026-04-06 14:00:00+00:00,BTC-USD,69427.53,69835.74,69150.37,69658.63,982.2695431
2026-04-06 15:00:00+00:00,BTC-USD,69658.64,69989.99,69536.32,69975.89,1169.81155753
2026-04-06 16:00:00+00:00,BTC-USD,69975.9,70378.48,69784.3,69818.63,1281.40980585
2026-04-06 17:00:00+00:00,BTC-USD,69818.64,69851.12,69269.62,69577.77,845.86561605
2026-04-06 18:00:00+00:00,BTC-USD,69577.77,69975.9,69477.83,69904.98,553.30945349
2026-04-06 19:00:00+00:00,BTC-USD,69904.99,69917.04,69581.0,69732.99,699.21486856
2026-04-06 20:00:00+00:00,BTC-USD,69727.98,69997.76,69615.2,69833.05,668.8189748
2026-04-06 21:00:00+00:00,BTC-USD,69833.04,69837.4,69429.0,69516.47,149.53751848
2026-04-06 22:00:00+00:00,BTC-USD,69516.46,69596.65,68810.19,68812.0,388.25303985
2026-04-06 23:00:00+00:00,BTC-USD,68809.58,68912.87,68332.0,68853.61,474.17386066
2026-04-07 00:00:00+00:00,BTC-USD,68853.6,69133.19,68727.86,68771.18,328.26166678
2026-04-07 01:00:00+00:00,BTC-USD,68771.17,68900.0,68350.0,68403.98,328.39971138
2026-04-07 02:00:00+00:00,BTC-USD,68403.98,68713.96,68270.41,68663.65,470.10577769
2026-04-07 03:00:00+00:00,BTC-USD,68662.35,68801.0,68610.0,68777.67,214.62408989
2026-04-07 04:00:00+00:00,BTC-USD,68777.68,68987.22,68540.43,68856.71,153.44311486
2026-04-07 05:00:00+00:00,BTC-USD,68856.72,68869.32,68613.28,68655.07,160.74850869
2026-04-07 06:00:00+00:00,BTC-USD,68655.07,68657.36,68434.41,68566.49,135.28621757
2026-04-07 07:00:00+00:00,BTC-USD,68566.49,68707.06,68497.01,68610.29,106.8871861
2026-04-07 08:00:00+00:00,BTC-USD,68610.28,68990.0,68591.34,68942.34,254.50457025
2026-04-07 09:00:00+00:00,BTC-USD,68942.35,69256.41,68929.79,69150.35,224.04277455
2026-04-07 10:00:00+00:00,BTC-USD,69150.36,69208.14,68172.7,68225.93,386.13905474
2026-04-07 11:00:00+00:00,BTC-USD,68224.0,68450.72,68061.76,68328.81,223.21593474
2026-04-07 12:00:00+00:00,BTC-USD,68332.52,68581.94,68062.9,68383.99,302.66390693
2026-04-07 13:00:00+00:00,BTC-USD,68383.99,68633.63,68176.76,68221.38,467.94939982
2026-04-07 14:00:00+00:00,BTC-USD,68221.36,68248.09,67750.0,67843.12,600.58066204
2026-04-07 15:00:00+00:00,BTC-USD,67843.12,68272.75,67710.01,68152.71,545.14672329
2026-04-07 16:00:00+00:00,BTC-USD,68152.71,69039.74,68060.31,68223.75,598.60084539
2026-04-07 17:00:00+00:00,BTC-USD,68223.74,69000.0,68177.75,68694.66,412.26293724
2026-04-07 18:00:00+00:00,BTC-USD,68694.66,68773.69,68336.0,68430.56,224.89601267
2026-04-07 19:00:00+00:00,BTC-USD,68430.55,69083.82,68324.38,68993.62,488.54226473
2026-04-07 20:00:00+00:00,BTC-USD,68998.45,69532.0,68998.45,69313.92,587.34190475
2026-04-07 21:00:00+00:00,BTC-USD,69313.92,70200.0,69305.01,69923.37,832.24235066
2026-04-07 22:00:00+00:00,BTC-USD,69923.36,71512.84,69923.36,71506.0,1374.0363039
2026-04-07 23:00:00+00:00,BTC-USD,71505.99,72753.97,71174.31,71910.2,1736.8054044
2026-04-08 00:00:00+00:00,BTC-USD,71910.21,72113.93,71536.12,71699.91,583.85383141
2026-04-08 01:00:00+00:00,BTC-USD,71699.9,71753.06,71439.56,71465.98,264.47715947
2026-04-08 02:00:00+00:00,BTC-USD,71468.34,71722.84,71233.98,71355.75,345.48630583
2026-04-08 03:00:00+00:00,BTC-USD,71355.76,71484.9,71272.26,71286.0,194.37257335
2026-04-08 04:00:00+00:00,BTC-USD,71285.99,71683.55,71272.38,71556.55,210.64588723
2026-04-08 05:00:00+00:00,BTC-USD,71559.93,71830.04,71552.82,71730.91,169.73342475
2026-04-08 06:00:00+00:00,BTC-USD,71730.91,71942.29,71576.21,71728.99,175.1204488
2026-04-08 07:00:00+00:00,BTC-USD,71729.0,71914.12,71580.93,71641.01,184.35174213
2026-04-08 08:00:00+00:00,BTC-USD,71641.02,71832.7,71636.0,71800.02,314.65959276
2026-04-08 09:00:00+00:00,BTC-USD,71800.02,71962.24,71582.4,71674.21,180.26846729
2026-04-08 10:00:00+00:00,BTC-USD,71674.21,71790.88,71441.77,71470.12,172.46901124
2026-04-08 11:00:00+00:00,BTC-USD,71470.11,71743.85,71404.95,71690.4,181.21986008
2026-04-08 12:00:00+00:00,BTC-USD,71693.1,72199.11,71578.53,72077.79,625.53478011
2026-04-08 13:00:00+00:00,BTC-USD,72077.8,72861.38,71500.01,71602.39,1311.16343484
2026-04-08 14:00:00+00:00,BTC-USD,71602.39,71750.67,70684.65,70901.42,1091.19781076
2026-04-08 15:00:00+00:00,BTC-USD,70901.43,71356.5,70811.63,71309.99,647.67465325
2026-04-08 16:00:00+00:00,BTC-USD,71310.0,71710.2,71252.0,71608.27,927.86381844
2026-04-08 17:00:00+00:00,BTC-USD,71608.28,71972.26,71490.17,71903.97,1147.88469871
2026-04-08 18:00:00+00:00,BTC-USD,71903.97,71903.98,71082.02,71101.98,721.50798425
2026-04-08 19:00:00+00:00,BTC-USD,71101.76,71391.34,71008.53,71331.51,498.03842072
2026-04-08 20:00:00+00:00,BTC-USD,71333.0,71500.0,71282.24,71387.32,261.15750261
2026-04-08 21:00:00+00:00,BTC-USD,71387.32,71766.61,71336.75,71562.97,417.05170708
2026-04-08 22:00:00+00:00,BTC-USD,71562.96,71584.44,71068.09,71068.09,250.15392821
2026-04-08 23:00:00+00:00,BTC-USD,71068.1,71218.0,70903.5,71085.99,207.35382609
2026-04-09 00:00:00+00:00,BTC-USD,71083.99,71146.92,70653.75,70813.81,228.34112737
2026-04-09 01:00:00+00:00,BTC-USD,70813.8,70957.51,70468.74,70927.84,211.82664447
2026-04-09 02:00:00+00:00,BTC-USD,70927.85,71200.0,70815.0,71066.55,198.57722255
2026-04-09 03:00:00+00:00,BTC-USD,71066.56,71126.99,70851.26,70999.17,149.80752663
2026-04-09 04:00:00+00:00,BTC-USD,70999.18,71023.87,70744.0,70791.99,117.56651579
2026-04-09 05:00:00+00:00,BTC-USD,70792.32,71098.51,70690.95,70997.63,101.55377882
2026-04-09 06:00:00+00:00,BTC-USD,70997.63,71096.0,70821.99,71041.44,102.46613905
2026-04-09 07:00:00+00:00,BTC-USD,71041.43,71128.5,70960.97,70992.56,118.2120591
2026-04-09 08:00:00+00:00,BTC-USD,70992.56,71391.25,70877.16,71260.01,176.53793263
2026-04-09 09:00:00+00:00,BTC-USD,71260.0,71585.22,71114.18,71540.24,254.17840061
2026-04-09 10:00:00+00:00,BTC-USD,71540.04,71548.49,71284.5,71284.51,134.36945428
2026-04-09 11:00:00+00:00,BTC-USD,71284.51,71368.2,71055.81,71152.8,155.36100421
2026-04-09 12:00:00+00:00,BTC-USD,71152.8,71330.31,71045.0,71290.07,228.44511618
2026-04-09 13:00:00+00:00,BTC-USD,71290.08,71362.49,70623.2,70797.2,541.51317355
2026-04-09 14:00:00+00:00,BTC-USD,70797.16,71261.99,70511.78,71132.04,752.07875336
2026-04-09 15:00:00+00:00,BTC-USD,71132.04,72369.99,70928.0,72158.09,1637.49020054
2026-04-09 16:00:00+00:00,BTC-USD,72158.09,72416.25,71744.44,72096.47,1396.19241524
2026-04-09 17:00:00+00:00,BTC-USD,72096.47,72568.12,72086.0,72359.99,916.71364273
2026-04-09 18:00:00+00:00,BTC-USD,72362.41,72394.0,71720.0,71890.12,420.52407009
2026-04-09 19:00:00+00:00,BTC-USD,71890.12,72318.0,71750.0,72136.37,785.57696612
2026-04-09 20:00:00+00:00,BTC-USD,72146.26,72475.14,71989.82,72430.01,484.1877705
2026-04-09 21:00:00+00:00,BTC-USD,72430.0,72715.0,72154.0,72277.86,480.1161191
2026-04-09 22:00:00+00:00,BTC-USD,72280.49,73147.81,71953.21,71953.22,656.32699332
2026-04-09 23:00:00+00:00,BTC-USD,71953.22,72045.75,71558.46,71798.01,459.82510838
2026-04-10 00:00:00+00:00,BTC-USD,71798.01,72034.48,71587.36,71977.66,278.95078588
2026-04-10 01:00:00+00:00,BTC-USD,71976.01,72421.88,71680.01,72172.56,415.62520602
2026-04-10 02:00:00+00:00,BTC-USD,72170.6,72304.19,71922.41,71968.13,249.47798749
2026-04-10 03:00:00+00:00,BTC-USD,71968.61,72031.49,71818.27,71882.19,126.08786676
2026-04-10 04:00:00+00:00,BTC-USD,71882.19,72230.69,71818.28,72125.99,173.95063128
2026-04-10 05:00:00+00:00,BTC-USD,72125.99,72284.72,72016.89,72138.54,123.22021317
2026-04-10 06:00:00+00:00,BTC-USD,72138.53,72194.4,71760.83,71809.58,113.76021172
2026-04-10 07:00:00+00:00,BTC-USD,71806.87,71848.0,71437.39,71493.99,275.85653477
2026-04-10 08:00:00+00:00,BTC-USD,71495.04,71774.22,71431.55,71611.98,171.11091588
2026-04-10 09:00:00+00:00,BTC-USD,71611.98,71884.32,71599.01,71787.6,127.33965997
2026-04-10 10:00:00+00:00,BTC-USD,71784.84,71947.95,71717.93,71917.27,91.68293337
2026-04-10 11:00:00+00:00,BTC-USD,71917.28,72284.0,71910.13,72147.83,168.10390509
2026-04-10 12:00:00+00:00,BTC-USD,72149.16,72476.22,72019.44,72273.05,291.82902405
2026-04-10 13:00:00+00:00,BTC-USD,72273.02,72435.49,71899.6,72347.0,409.17539336
2026-04-10 14:00:00+00:00,BTC-USD,72345.9,73200.0,72287.15,72953.12,1762.62262551
2026-04-10 15:00:00+00:00,BTC-USD,72953.11,73339.39,72382.01,72482.98,912.29481106
2026-04-10 16:00:00+00:00,BTC-USD,72482.99,73082.2,72410.0,73021.3,703.38066323
2026-04-10 17:00:00+00:00,BTC-USD,73021.31,73184.16,72828.13,73152.07,622.92753474
2026-04-10 18:00:00+00:00,BTC-USD,73152.07,73195.0,72907.59,73150.0,584.24437135
2026-04-10 19:00:00+00:00,BTC-USD,73150.0,73314.59,72944.04,73286.01,1071.64068647
2026-04-10 20:00:00+00:00,BTC-USD,73286.01,73477.87,73089.33,73400.01,878.60925628
2026-04-10 21:00:00+00:00,BTC-USD,73400.0,73400.01,72971.28,73222.7,167.1517258
2026-04-10 22:00:00+00:00,BTC-USD,73225.01,73281.14,72802.0,72907.5,222.29993757
2026-04-10 23:00:00+00:00,BTC-USD,72907.51,73000.0,72807.65,72997.88,125.20415121
2026-04-11 00:00:00+00:00,BTC-USD,72997.88,72997.88,72818.98,72867.99,91.28758061
2026-04-11 01:00:00+00:00,BTC-USD,72868.0,73040.3,72667.55,72998.0,118.31001357
2026-04-11 02:00:00+00:00,BTC-USD,72998.0,73150.19,72941.28,73008.01,133.21543974
2026-04-11 03:00:00+00:00,BTC-USD,73008.01,73118.19,72858.48,72909.53,93.78122784
2026-04-11 04:00:00+00:00,BTC-USD,72909.53,72998.13,72720.0,72849.03,162.58822714
2026-04-11 05:00:00+00:00,BTC-USD,72849.04,72877.44,72712.21,72763.44,60.59037323
2026-04-11 06:00:00+00:00,BTC-USD,72763.44,72811.29,72650.0,72803.28,96.14648758
2026-04-11 07:00:00+00:00,BTC-USD,72803.28,72875.73,72706.96,72791.84,49.63920805
2026-04-11 08:00:00+00:00,BTC-USD,72791.85,72844.02,72677.98,72701.16,50.6780851
2026-04-11 09:00:00+00:00,BTC-USD,72701.17,72954.0,72668.04,72953.25,65.82201673
2026-04-11 10:00:00+00:00,BTC-USD,72953.25,72958.06,72800.52,72882.26,34.09161813
2026-04-11 11:00:00+00:00,BTC-USD,72882.26,72953.01,72856.94,72947.62,116.76303417
2026-04-11 12:00:00+00:00,BTC-USD,72947.93,73023.19,72844.99,72972.81,86.31460512
2026-04-11 13:00:00+00:00,BTC-USD,72972.81,72972.81,72564.35,72690.13,220.92868194
2026-04-11 14:00:00+00:00,BTC-USD,72690.13,72809.64,72626.76,72742.56,88.59632723
2026-04-11 15:00:00+00:00,BTC-USD,72742.57,72927.47,72709.94,72893.41,76.67584343
2026-04-11 16:00:00+00:00,BTC-USD,72893.41,73247.97,72846.91,73076.42,125.83952274
2026-04-11 17:00:00+00:00,BTC-USD,73076.42,73207.72,72976.7,73134.06,87.8487323
2026-04-11 18:00:00+00:00,BTC-USD,73134.48,73749.0,73072.34,73586.02,293.57059084
2026-04-11 19:00:00+00:00,BTC-USD,73586.02,73822.95,73504.32,73720.25,187.00362597
2026-04-11 20:00:00+00:00,BTC-USD,73718.55,73727.26,73250.0,73333.21,151.42806197
2026-04-11 21:00:00+00:00,BTC-USD,73333.2,73580.52,73236.98,73470.34,135.01256767
2026-04-11 22:00:00+00:00,BTC-USD,73470.34,73602.51,73278.36,73410.49,145.24700009
2026-04-11 23:00:00+00:00,BTC-USD,73410.48,73410.48,72952.33,73086.0,124.55707397
2026-04-12 00:00:00+00:00,BTC-USD,73085.99,73151.97,72913.68,73112.65,84.70084342
2026-04-12 01:00:00+00:00,BTC-USD,73112.67,73172.14,71294.05,71676.55,510.29520472
2026-04-12 02:00:00+00:00,BTC-USD,71676.54,72002.88,71382.01,71791.75,312.84337184
2026-04-12 03:00:00+00:00,BTC-USD,71791.75,71892.0,71621.55,71621.55,121.01658872
2026-04-12 04:00:00+00:00,BTC-USD,71621.55,71718.27,71474.74,71503.61,107.32071561
2026-04-12 05:00:00+00:00,BTC-USD,71503.61,71816.3,71442.91,71730.02,76.73237197
2026-04-12 06:00:00+00:00,BTC-USD,71730.01,71781.02,71680.55,71689.0,53.30039934
2026-04-12 07:00:00+00:00,BTC-USD,71689.0,71785.63,71619.94,71707.58,52.6394202
2026-04-12 08:00:00+00:00,BTC-USD,71707.58,71818.16,71630.28,71664.18,43.97367662
2026-04-12 09:00:00+00:00,BTC-USD,71664.19,71666.16,71541.33,71571.84,39.47678802
2026-04-12 10:00:00+00:00,BTC-USD,71571.84,71716.76,71389.0,71486.54,65.5750894
2026-04-12 11:00:00+00:00,BTC-USD,71486.53,71574.83,71444.0,71495.41,55.8579881
2026-04-12 12:00:00+00:00,BTC-USD,71495.04,71537.65,71110.0,71116.92,151.60636759
2026-04-12 13:00:00+00:00,BTC-USD,71116.92,71170.98,70889.41,70921.91,330.17144494
2026-04-12 14:00:00+00:00,BTC-USD,70922.3,71124.05,70725.01,70774.68,226.94556599
2026-04-12 15:00:00+00:00,BTC-USD,70774.68,70964.84,70631.46,70922.08,178.3990064
2026-04-12 16:00:00+00:00,BTC-USD,70922.07,70992.7,70835.54,70962.38,119.21665545
2026-04-12 17:00:00+00:00,BTC-USD,70963.51,71225.25,70926.96,71168.12,171.78422878
2026-04-12 18:00:00+00:00,BTC-USD,71169.59,71244.66,71077.09,71163.59,128.8439041
2026-04-12 19:00:00+00:00,BTC-USD,71163.57,71255.45,71081.42,71121.13,145.24938968
2026-04-12 20:00:00+00:00,BTC-USD,71121.12,71467.17,70979.45,71364.9,183.34593538
2026-04-12 21:00:00+00:00,BTC-USD,71364.9,71478.37,71187.99,71393.04,151.47079357
2026-04-12 22:00:00+00:00,BTC-USD,71391.19,71392.57,70512.7,70912.75,870.49949703
2026-04-12 23:00:00+00:00,BTC-USD,70912.75,70912.75,70573.2,70755.35,261.77664274
2026-04-13 00:00:00+00:00,BTC-USD,70755.35,71286.46,70616.81,71192.38,253.45162538
2026-04-13 01:00:00+00:00,BTC-USD,71191.32,71249.19,71031.7,71209.06,179.74079708
2026-04-13 02:00:00+00:00,BTC-USD,71209.06,71288.0,70998.25,71094.12,110.72556557
2026-04-13 03:00:00+00:00,BTC-USD,71095.99,71165.75,70931.93,70998.24,130.9905614
2026-04-13 04:00:00+00:00,BTC-USD,70995.48,71163.84,70874.04,70913.71,147.28653971
2026-04-13 05:00:00+00:00,BTC-USD,70913.71,70943.04,70689.12,70904.06,138.39160059
2026-04-13 06:00:00+00:00,BTC-USD,70904.07,71134.02,70898.04,71050.58,153.75623078
2026-04-13 07:00:00+00:00,BTC-USD,71050.58,71097.6,70698.01,70842.01,158.35609211
2026-04-13 08:00:00+00:00,BTC-USD,70842.01,70890.09,70576.27,70693.85,122.38145185
2026-04-13 09:00:00+00:00,BTC-USD,70693.85,70923.07,70689.12,70805.99,88.72192056
2026-04-13 10:00:00+00:00,BTC-USD,70805.99,70867.85,70695.85,70767.62,89.31756582
2026-04-13 11:00:00+00:00,BTC-USD,70769.99,71011.35,70750.0,70942.98,148.18646481
2026-04-13 12:00:00+00:00,BTC-USD,70943.03,71250.0,70762.64,71088.5,327.61650628
2026-04-13 13:00:00+00:00,BTC-USD,71091.25,71714.82,70831.95,71683.38,1667.77209474
2026-04-13 14:00:00+00:00,BTC-USD,71683.37,72479.99,71439.5,72450.0,2176.50589883
2026-04-13 15:00:00+00:00,BTC-USD,72447.76,72515.42,71678.68,71894.19,1719.03500846
2026-04-13 16:00:00+00:00,BTC-USD,71894.19,72486.57,71705.63,72250.0,1265.76850401
2026-04-13 17:00:00+00:00,BTC-USD,72250.0,72633.75,72108.14,72202.02,1308.31224978
2026-04-13 18:00:00+00:00,BTC-USD,72199.48,72505.92,72112.58,72465.68,978.81979534
2026-04-13 19:00:00+00:00,BTC-USD,72465.68,73529.27,72333.38,73373.2,2125.50643503
2026-04-13 20:00:00+00:00,BTC-USD,73368.47,73431.95,73054.24,73192.99,1412.27322126
2026-04-13 21:00:00+00:00,BTC-USD,73193.0,73397.03,73116.44,73207.1,328.21899237
2026-04-13 22:00:00+00:00,BTC-USD,73207.12,74767.93,73200.54,74660.86,1545.69781994
2026-04-13 23:00:00+00:00,BTC-USD,74660.87,74936.9,74425.0,74446.0,875.83134781
2026-04-14 00:00:00+00:00,BTC-USD,74448.0,74552.01,74128.11,74193.69,502.96449688
2026-04-14 01:00:00+00:00,BTC-USD,74193.69,74472.7,73982.94,74421.21,528.9676353
2026-04-14 02:00:00+00:00,BTC-USD,74421.22,74614.52,74318.0,74369.13,343.0340517
2026-04-14 03:00:00+00:00,BTC-USD,74369.27,74521.1,74273.12,74474.67,216.13029762
2026-04-14 04:00:00+00:00,BTC-USD,74474.68,74546.13,74384.25,74421.26,123.89575276
2026-04-14 05:00:00+00:00,BTC-USD,74421.25,74470.37,74193.01,74246.04,201.38906682
2026-04-14 06:00:00+00:00,BTC-USD,74246.04,74591.72,74246.04,74562.48,219.8792892
2026-04-14 07:00:00+00:00,BTC-USD,74562.49,74952.0,74464.84,74590.8,276.31494816
2026-04-14 08:00:00+00:00,BTC-USD,74590.8,74959.0,74497.04,74800.25,264.0010742
2026-04-14 09:00:00+00:00,BTC-USD,74803.68,74872.67,74472.94,74546.65,253.73447037
2026-04-14 10:00:00+00:00,BTC-USD,74546.65,74651.67,74369.29,74376.99,188.02240092
2026-04-14 11:00:00+00:00,BTC-USD,74376.99,74491.92,74332.0,74409.96,195.73808698
2026-04-14 12:00:00+00:00,BTC-USD,74409.97,74520.92,74302.04,74488.79,388.00012296
2026-04-14 13:00:00+00:00,BTC-USD,74488.79,75612.57,74434.95,75608.99,3769.81050482
2026-04-14 14:00:00+00:00,BTC-USD,75608.99,76127.18,75070.05,75070.05,3590.26487601
2026-04-14 15:00:00+00:00,BTC-USD,75071.99,75490.01,74596.0,75361.81,1130.47982838
2026-04-14 16:00:00+00:00,BTC-USD,75361.22,75745.59,74575.35,74698.73,1386.42649595
2026-04-14 17:00:00+00:00,BTC-USD,74696.12,74994.89,74296.62,74806.0,1223.25751982
2026-04-14 18:00:00+00:00,BTC-USD,74806.0,74863.92,73874.42,74145.14,1900.16029924
2026-04-14 19:00:00+00:00,BTC-USD,74145.14,74461.01,73939.31,74299.83,2713.18751958
2026-04-14 20:00:00+00:00,BTC-USD,74301.99,74499.99,74061.0,74152.37,581.34033326
2026-04-14 21:00:00+00:00,BTC-USD,74152.37,74364.78,73979.6,74315.62,308.66198215
2026-04-14 22:00:00+00:00,BTC-USD,74315.62,74417.88,73854.5,74067.36,472.75297848
2026-04-14 23:00:00+00:00,BTC-USD,74067.32,74275.29,74046.18,74179.04,307.79297745
2026-04-15 00:00:00+00:00,BTC-USD,74176.09,74726.93,74149.45,74601.5,348.31437324
2026-04-15 01:00:00+00:00,BTC-USD,74601.5,74828.61,74527.02,74649.0,243.80781113
2026-04-15 02:00:00+00:00,BTC-USD,74648.99,74745.67,74216.7,74360.39,264.12653655
2026-04-15 03:00:00+00:00,BTC-USD,74360.39,74406.0,74201.94,74376.75,115.03165701
2026-04-15 04:00:00+00:00,BTC-USD,74376.75,74478.06,74294.01,74372.02,110.36245872
2026-04-15 05:00:00+00:00,BTC-USD,74369.99,74474.97,73902.8,74047.15,222.67279397
2026-04-15 06:00:00+00:00,BTC-USD,74047.15,74085.12,73902.8,73924.0,112.9662665
2026-04-15 07:00:00+00:00,BTC-USD,73923.99,74054.83,73545.0,73771.35,307.89896109
2026-04-15 08:00:00+00:00,BTC-USD,73771.35,74219.13,73706.0,74139.99,151.18444998
2026-04-15 09:00:00+00:00,BTC-USD,74139.99,74213.43,73930.25,74033.46,123.83406297
2026-04-15 10:00:00+00:00,BTC-USD,74033.0,74277.98,73818.64,73890.9,247.57934411
2026-04-15 11:00:00+00:00,BTC-USD,73890.9,74287.82,73890.9,74232.72,213.7657017
2026-04-15 12:00:00+00:00,BTC-USD,74232.73,74498.76,74073.84,74302.48,304.68558868
2026-04-15 13:00:00+00:00,BTC-USD,74302.48,74470.0,73825.79,74069.62,433.01216959
2026-04-15 14:00:00+00:00,BTC-USD,74071.96,74541.06,73839.16,74168.81,495.12674681
2026-04-15 15:00:00+00:00,BTC-USD,74168.82,74325.65,73604.79,73861.45,441.11847269
2026-04-15 16:00:00+00:00,BTC-USD,73861.45,74206.09,73776.84,73953.68,234.86754615
2026-04-15 17:00:00+00:00,BTC-USD,73953.71,74269.99,73926.32,74154.99,280.45424653
2026-04-15 18:00:00+00:00,BTC-USD,74154.99,74434.99,74085.0,74414.41,422.62450959
2026-04-15 19:00:00+00:00,BTC-USD,74414.4,75316.55,74380.32,75048.06,1262.63540988
2026-04-15 20:00:00+00:00,BTC-USD,75045.99,75082.24,74536.02,74872.14,411.88694528
2026-04-15 21:00:00+00:00,BTC-USD,74872.15,74888.88,74570.52,74765.38,211.33683207
2026-04-15 22:00:00+00:00,BTC-USD,74765.37,75458.81,74755.39,74992.25,580.75800343
2026-04-15 23:00:00+00:00,BTC-USD,74992.25,74995.08,74639.0,74836.31,192.06582057
2026-04-16 00:00:00+00:00,BTC-USD,74839.97,74899.16,74478.66,74834.35,227.14016939
2026-04-16 01:00:00+00:00,BTC-USD,74834.36,74835.33,74483.85,74681.46,160.29089664
2026-04-16 02:00:00+00:00,BTC-USD,74681.46,75299.67,74614.38,74901.14,329.72741703
2026-04-16 03:00:00+00:00,BTC-USD,74901.13,75178.37,74879.15,74901.17,225.71245288
2026-04-16 04:00:00+00:00,BTC-USD,74901.16,75198.07,74745.99,74964.65,246.28346464
2026-04-16 05:00:00+00:00,BTC-USD,74964.65,75172.1,74914.56,75060.65,113.34469212
2026-04-16 06:00:00+00:00,BTC-USD,75062.76,75130.44,74871.66,75048.66,146.60087069
2026-04-16 07:00:00+00:00,BTC-USD,75048.66,75100.0,74636.62,74721.55,138.60810822
2026-04-16 08:00:00+00:00,BTC-USD,74721.55,74768.0,74525.14,74697.71,256.06303868
2026-04-16 09:00:00+00:00,BTC-USD,74697.71,74927.84,74610.14,74612.67,193.84774226
2026-04-16 10:00:00+00:00,BTC-USD,74611.88,74670.84,74288.5,74325.74,144.2660619
2026-04-16 11:00:00+00:00,BTC-USD,74325.75,74602.78,74298.16,74593.33,180.59497124
2026-04-16 12:00:00+00:00,BTC-USD,74593.33,74880.01,74584.2,74632.87,228.70000639
2026-04-16 13:00:00+00:00,BTC-USD,74632.87,75042.33,73298.01,73788.46,1018.05293394
2026-04-16 14:00:00+00:00,BTC-USD,73790.19,74207.0,73419.93,73973.2,698.4221889
2026-04-16 15:00:00+00:00,BTC-USD,73973.21,74902.01,73938.45,74720.99,747.66708183
2026-04-16 16:00:00+00:00,BTC-USD,74721.0,74960.0,74074.66,74186.03,498.42390082
2026-04-16 17:00:00+00:00,BTC-USD,74186.03,74465.99,73903.48,74354.87,529.10896625
2026-04-16 18:00:00+00:00,BTC-USD,74354.86,75108.81,74250.01,75052.22,375.90132662
2026-04-16 19:00:00+00:00,BTC-USD,75052.23,75436.56,74753.03,75378.0,703.21190124
2026-04-16 20:00:00+00:00,BTC-USD,75378.32,75539.91,75014.02,75245.99,387.23849367
2026-04-16 21:00:00+00:00,BTC-USD,75245.99,75300.0,74810.0,74953.73,283.31504704
2026-04-16 22:00:00+00:00,BTC-USD,74953.73,75142.0,74847.96,74888.49,133.79708471
2026-04-16 23:00:00+00:00,BTC-USD,74888.5,75198.99,74846.01,75163.09,172.63419781
2026-04-17 00:00:00+00:00,BTC-USD,75163.09,75179.85,74900.24,74960.61,170.90853588
2026-04-17 01:00:00+00:00,BTC-USD,74960.62,75061.36,74591.71,74763.89,137.20054616
2026-04-17 02:00:00+00:00,BTC-USD,74763.89,74830.9,74558.21,74728.67,106.18055298
2026-04-17 03:00:00+00:00,BTC-USD,74729.95,74870.29,74623.71,74633.16,133.70827606
2026-04-17 04:00:00+00:00,BTC-USD,74633.16,74873.19,74601.62,74810.01,165.15237098
2026-04-17 05:00:00+00:00,BTC-USD,74810.0,74828.39,74575.0,74656.56,107.03612457
2026-04-17 06:00:00+00:00,BTC-USD,74656.57,74964.25,74611.72,74954.74,124.62748867
2026-04-17 07:00:00+00:00,BTC-USD,74954.74,75122.61,74954.7,75094.02,148.8595187
2026-04-17 08:00:00+00:00,BTC-USD,75094.02,75895.99,75011.31,75806.24,432.0348683
2026-04-17 09:00:00+00:00,BTC-USD,75803.58,76386.68,75541.61,75811.48,694.9465378
2026-04-17 10:00:00+00:00,BTC-USD,75811.47,75914.99,75120.11,75301.11,312.88676618
2026-04-17 11:00:00+00:00,BTC-USD,75301.1,75638.72,75265.01,75622.58,204.19548663
2026-04-17 12:00:00+00:00,BTC-USD,75622.59,76313.68,75557.99,76263.95,621.2231765
2026-04-17 13:00:00+00:00,BTC-USD,76270.22,77467.99,76094.41,77388.0,2516.93950939
2026-04-17 14:00:00+00:00,BTC-USD,77388.01,78170.0,77055.0,77987.99,2739.70751485
2026-04-17 15:00:00+00:00,BTC-USD,77986.02,78071.14,77493.07,77843.27,2238.70529422
2026-04-17 16:00:00+00:00,BTC-USD,77843.17,78390.0,77773.51,77907.27,1166.52153207
2026-04-17 17:00:00+00:00,BTC-USD,77907.28,77974.06,77150.0,77563.51,772.06987304
2026-04-17 18:00:00+00:00,BTC-USD,77563.51,77613.74,77109.04,77207.66,491.36939435
2026-04-17 19:00:00+00:00,BTC-USD,77206.98,77530.01,77045.52,77453.07,924.06995477
2026-04-17 20:00:00+00:00,BTC-USD,77453.08,77651.24,77181.58,77366.97,517.96550411
2026-04-17 21:00:00+00:00,BTC-USD,77366.97,77531.25,77310.0,77475.0,185.69571028
2026-04-17 22:00:00+00:00,BTC-USD,77475.0,77553.9,77294.79,77321.96,230.1144675
2026-04-17 23:00:00+00:00,BTC-USD,77328.01,77337.86,76931.0,77098.01,272.78150578
2026-04-18 00:00:00+00:00,BTC-USD,77098.01,77287.47,77010.0,77203.97,158.06754801
2026-04-18 01:00:00+00:00,BTC-USD,77203.97,77374.07,77148.75,77251.97,189.82385932
2026-04-18 02:00:00+00:00,BTC-USD,77251.98,77450.15,77150.01,77325.61,147.61664237
2026-04-18 03:00:00+00:00,BTC-USD,77325.61,77328.75,77000.0,77043.74,160.09773706
2026-04-18 04:00:00+00:00,BTC-USD,77043.74,77208.76,76926.92,77148.75,149.36946919
2026-04-18 05:00:00+00:00,BTC-USD,77144.02,77308.84,77144.01,77167.13,71.06622365
2026-04-18 06:00:00+00:00,BTC-USD,77164.46,77253.75,77091.0,77160.01,103.37341421
2026-04-18 07:00:00+00:00,BTC-USD,77160.0,77162.02,76923.08,77020.01,106.95634532
2026-04-18 08:00:00+00:00,BTC-USD,77020.02,77070.98,76517.02,76760.02,270.92702211
2026-04-18 09:00:00+00:00,BTC-USD,76760.02,76760.02,76420.01,76631.26,138.34597633
2026-04-18 10:00:00+00:00,BTC-USD,76631.26,76631.26,76161.55,76222.49,208.63769327
2026-04-18 11:00:00+00:00,BTC-USD,76222.49,76222.5,75793.85,76069.46,234.98639404
2026-04-18 12:00:00+00:00,BTC-USD,76069.46,76335.04,76069.46,76239.75,183.52075399
2026-04-18 13:00:00+00:00,BTC-USD,76239.75,76248.74,75822.46,76148.64,186.78996841
2026-04-18 14:00:00+00:00,BTC-USD,76148.64,76326.27,76006.0,76280.61,204.57817724
2026-04-18 15:00:00+00:00,BTC-USD,76280.61,76391.85,76042.77,76191.72,161.82685137
2026-04-18 16:00:00+00:00,BTC-USD,76191.72,76249.99,75706.19,75968.12,283.96769598
2026-04-18 17:00:00+00:00,BTC-USD,75968.11,75988.98,75809.9,75852.13,144.03370964
2026-04-18 18:00:00+00:00,BTC-USD,75852.13,75886.9,75473.81,75672.45,349.47752018
2026-04-18 19:00:00+00:00,BTC-USD,75672.44,75834.45,75604.5,75678.9,147.98696886
2026-04-18 20:00:00+00:00,BTC-USD,75678.91,75882.95,75633.62,75784.94,166.46139065
2026-04-18 21:00:00+00:00,BTC-USD,75784.94,75875.83,75628.41,75854.57,110.29954945
2026-04-18 22:00:00+00:00,BTC-USD,75854.57,75914.69,75641.46,75849.35,228.64731796
2026-04-18 23:00:00+00:00,BTC-USD,75849.37,75934.12,75730.58,75736.82,138.48451719
2026-04-19 00:00:00+00:00,BTC-USD,75736.0,75884.01,75590.17,75708.01,96.91158255
2026-04-19 01:00:00+00:00,BTC-USD,75708.0,75827.3,75477.45,75652.1,132.82885172
2026-04-19 02:00:00+00:00,BTC-USD,75652.1,75750.0,75388.96,75523.86,147.41273871
2026-04-19 03:00:00+00:00,BTC-USD,75523.87,75675.67,75391.43,75546.49,108.73651571
2026-04-19 04:00:00+00:00,BTC-USD,75546.49,75817.74,75450.01,75700.01,154.13790548
2026-04-19 05:00:00+00:00,BTC-USD,75700.0,75726.06,75549.68,75580.01,55.34140985
2026-04-19 06:00:00+00:00,BTC-USD,75580.01,75584.79,75323.74,75434.5,137.85995394
2026-04-19 07:00:00+00:00,BTC-USD,75434.49,75434.92,74922.47,75291.12,263.322682
2026-04-19 08:00:00+00:00,BTC-USD,75291.11,75336.52,75107.2,75293.17,95.55844175
2026-04-19 09:00:00+00:00,BTC-USD,75293.17,75308.9,74961.83,75055.42,112.16218674
2026-04-19 10:00:00+00:00,BTC-USD,75055.42,75272.65,74971.53,75246.08,115.44975167
2026-04-19 11:00:00+00:00,BTC-USD,75246.09,75662.75,75239.53,75637.52,152.41351693
2026-04-19 12:00:00+00:00,BTC-USD,75637.52,75732.6,75467.69,75611.92,191.83928005
2026-04-19 13:00:00+00:00,BTC-USD,75611.91,76278.36,75588.34,75963.14,292.81690471
2026-04-19 14:00:00+00:00,BTC-USD,75963.14,76180.58,75707.98,76064.95,306.13874479
2026-04-19 15:00:00+00:00,BTC-USD,76064.94,76193.12,75450.47,75885.62,339.92712718
2026-04-19 16:00:00+00:00,BTC-USD,75885.61,75910.61,75333.0,75417.16,261.4765278
2026-04-19 17:00:00+00:00,BTC-USD,75417.5,75419.99,74676.91,74820.85,451.70984653
2026-04-19 18:00:00+00:00,BTC-USD,74820.85,74939.08,74626.17,74806.71,244.39747873
2026-04-19 19:00:00+00:00,BTC-USD,74806.71,75120.09,74806.71,74985.04,214.46164452
2026-04-19 20:00:00+00:00,BTC-USD,74985.04,74989.22,74458.0,74662.56,293.63269087
2026-04-19 21:00:00+00:00,BTC-USD,74662.56,74844.01,74400.01,74457.97,198.79528519
2026-04-19 22:00:00+00:00,BTC-USD,74457.97,74469.98,73777.86,74072.54,837.66883974
2026-04-19 23:00:00+00:00,BTC-USD,74067.02,74080.05,73815.19,73823.14,272.34100625
2026-04-20 00:00:00+00:00,BTC-USD,73823.27,74388.84,73741.53,74305.3,321.44644993
2026-04-20 01:00:00+00:00,BTC-USD,74305.3,74781.95,74238.84,74621.43,317.84694602
2026-04-20 02:00:00+00:00,BTC-USD,74621.43,74661.45,74334.01,74439.9,179.9829148
2026-04-20 03:00:00+00:00,BTC-USD,74439.91,74685.15,74390.13,74667.9,150.16982474
2026-04-20 04:00:00+00:00,BTC-USD,74667.9,74672.96,74467.84,74590.39,136.82618537
2026-04-20 05:00:00+00:00,BTC-USD,74589.28,74590.4,74128.51,74298.45,182.94092727
2026-04-20 06:00:00+00:00,BTC-USD,74299.01,74919.99,74280.31,74820.18,219.94026035
2026-04-20 07:00:00+00:00,BTC-USD,74820.18,75600.0,74693.44,74857.39,317.22851501
2026-04-20 08:00:00+00:00,BTC-USD,74860.01,75029.01,74646.93,74758.01,282.43722148
2026-04-20 09:00:00+00:00,BTC-USD,74758.01,75269.65,74726.1,75100.44,201.12083891
2026-04-20 10:00:00+00:00,BTC-USD,75100.45,75439.86,75038.96,75068.69,168.15258937
2026-04-20 11:00:00+00:00,BTC-USD,75068.73,75319.18,74990.0,75223.96,214.01224983
2026-04-20 12:00:00+00:00,BTC-USD,75220.26,75685.2,75094.06,75322.87,450.10975228
2026-04-20 13:00:00+00:00,BTC-USD,75323.53,75481.79,74895.26,75307.98,689.91623272
2026-04-20 14:00:00+00:00,BTC-USD,75307.05,75812.71,74936.01,75071.84,716.99064516
2026-04-20 15:00:00+00:00,BTC-USD,75072.98,75816.18,74730.01,75747.08,650.54114962
2026-04-20 16:00:00+00:00,BTC-USD,75747.07,75761.0,75326.01,75378.79,300.90124373
2026-04-20 17:00:00+00:00,BTC-USD,75382.0,76000.0,75322.0,75937.31,551.7831837
2026-04-20 18:00:00+00:00,BTC-USD,75937.31,76490.36,75937.31,76466.0,949.50261642
2026-04-20 19:00:00+00:00,BTC-USD,76466.25,76528.01,76184.85,76337.42,956.74454347
2026-04-20 20:00:00+00:00,BTC-USD,76337.48,76600.0,76151.25,76317.28,458.28837217
2026-04-20 21:00:00+00:00,BTC-USD,76317.28,76405.74,75812.99,75984.53,239.72957014
2026-04-20 22:00:00+00:00,BTC-USD,75985.54,76180.58,75933.01,76004.67,170.68139807
2026-04-20 23:00:00+00:00,BTC-USD,76004.67,76004.67,75653.71,75864.86,152.04149578
2026-04-21 00:00:00+00:00,BTC-USD,75864.86,76130.29,75724.81,76122.01,176.27805191
2026-04-21 01:00:00+00:00,BTC-USD,76121.97,76290.0,75889.2,75955.08,121.06487124
2026-04-21 02:00:00+00:00,BTC-USD,75955.07,75965.22,75605.0,75613.75,186.62523517
2026-04-21 03:00:00+00:00,BTC-USD,75613.76,75749.01,75514.0,75740.58,130.4859594
2026-04-21 04:00:00+00:00,BTC-USD,75740.58,75853.73,75633.28,75840.59,142.87812961
2026-04-21 05:00:00+00:00,BTC-USD,75840.58,76026.63,75810.15,75835.77,128.61655392
2026-04-21 06:00:00+00:00,BTC-USD,75835.76,76153.85,75725.96,76001.83,126.64851458
2026-04-21 07:00:00+00:00,BTC-USD,76001.83,76326.37,75847.24,76118.09,229.82448607
2026-04-21 08:00:00+00:00,BTC-USD,76118.09,76926.37,76092.01,76545.65,250.43874238
2026-04-21 09:00:00+00:00,BTC-USD,76545.65,76622.15,76189.44,76397.31,169.45306652
2026-04-21 10:00:00+00:00,BTC-USD,76397.3,76905.18,76379.5,76775.13,255.74979069
2026-04-21 11:00:00+00:00,BTC-USD,76775.13,76789.35,76366.43,76485.82,491.97862615
2026-04-21 12:00:00+00:00,BTC-USD,76486.41,76554.71,75738.91,76037.95,489.56129073
2026-04-21 13:00:00+00:00,BTC-USD,76037.94,76213.37,75752.82,75927.03,561.20580966
2026-04-21 14:00:00+00:00,BTC-USD,75928.04,76632.97,75634.64,75681.99,599.49621276
2026-04-21 15:00:00+00:00,BTC-USD,75682.0,75999.33,75438.7,75844.02,535.81451241
2026-04-21 16:00:00+00:00,BTC-USD,75846.68,76205.59,75770.66,75795.0,357.83087487
2026-04-21 17:00:00+00:00,BTC-USD,75794.41,75925.55,75074.0,75567.26,601.70332754
2026-04-21 18:00:00+00:00,BTC-USD,75567.27,75680.18,75316.83,75619.17,332.5960966
2026-04-21 19:00:00+00:00,BTC-USD,75619.17,75936.07,74817.27,75030.96,692.76267637
2026-04-21 20:00:00+00:00,BTC-USD,75031.09,75880.35,74989.53,75714.21,411.85955074
2026-04-21 21:00:00+00:00,BTC-USD,75711.24,75796.69,75469.86,75565.01,134.74132192
2026-04-21 22:00:00+00:00,BTC-USD,75565.0,75662.15,75323.03,75662.06,134.72365803
2026-04-21 23:00:00+00:00,BTC-USD,75662.14,76453.02,75642.93,76348.58,294.58057744
2026-04-22 00:00:00+00:00,BTC-USD,76355.73,76520.0,76233.63,76380.89,271.01540551
2026-04-22 01:00:00+00:00,BTC-USD,76380.89,76432.94,76145.0,76317.11,190.77505081
2026-04-22 02:00:00+00:00,BTC-USD,76317.11,77673.63,76236.94,77624.23,803.89614781
2026-04-22 03:00:00+00:00,BTC-USD,77623.92,77747.98,77430.0,77541.55,375.72001428
2026-04-22 04:00:00+00:00,BTC-USD,77541.55,77725.21,77369.03,77536.0,155.86380984
2026-04-22 05:00:00+00:00,BTC-USD,77536.01,78444.0,77460.58,77986.99,863.07032076
2026-04-22 06:00:00+00:00,BTC-USD,77987.0,78050.75,77906.53,78023.21,332.02874517
2026-04-22 07:00:00+00:00,BTC-USD,78023.22,78128.99,77821.1,78025.8,303.06142286
2026-04-22 08:00:00+00:00,BTC-USD,78025.8,78222.15,77960.0,78020.25,305.04592652
2026-04-22 09:00:00+00:00,BTC-USD,78020.24,78204.89,77968.89,78015.56,203.39088161
2026-04-22 10:00:00+00:00,BTC-USD,78015.57,78201.25,77964.02,78175.7,192.62961579
2026-04-22 11:00:00+00:00,BTC-USD,78175.71,78422.84,78119.18,78327.98,349.20124207
2026-04-22 12:00:00+00:00,BTC-USD,78327.98,78542.56,78137.19,78262.91,586.49290614
2026-04-22 13:00:00+00:00,BTC-USD,78262.9,78887.8,78183.05,78887.44,868.56868369
2026-04-22 14:00:00+00:00,BTC-USD,78887.45,79217.08,78601.87,79073.57,1395.8526772
2026-04-22 15:00:00+00:00,BTC-USD,79073.56,79455.95,78865.0,79323.61,913.59546415
2026-04-22 16:00:00+00:00,BTC-USD,79323.62,79523.0,78660.62,78782.46,590.89133288
2026-04-22 17:00:00+00:00,BTC-USD,78782.46,79078.37,78724.13,78947.97,412.12884012
2026-04-22 18:00:00+00:00,BTC-USD,78947.98,79218.81,78854.6,79062.46,342.76053682
2026-04-22 19:00:00+00:00,BTC-USD,79062.46,79111.73,78734.15,78878.3,1154.32492186
2026-04-22 20:00:00+00:00,BTC-USD,78878.31,78953.15,78427.63,78463.99,397.6163413
2026-04-22 21:00:00+00:00,BTC-USD,78464.05,78858.25,78445.8,78794.76,304.96665296
2026-04-22 22:00:00+00:00,BTC-USD,78794.76,78865.09,78487.27,78635.61,255.56443881
2026-04-22 23:00:00+00:00,BTC-USD,78635.61,78642.0,78182.0,78208.52,189.458122
2026-04-23 00:00:00+00:00,BTC-USD,78208.52,78608.94,77610.0,78467.52,411.98452201
2026-04-23 01:00:00+00:00,BTC-USD,78467.69,78500.0,78093.3,78387.39,218.34548169
2026-04-23 02:00:00+00:00,BTC-USD,78387.4,78387.4,77783.74,77967.46,288.03669951
2026-04-23 03:00:00+00:00,BTC-USD,77967.46,78070.5,77500.0,77766.9,313.35973135
2026-04-23 04:00:00+00:00,BTC-USD,77766.9,77974.18,77698.7,77935.46,196.92327625
2026-04-23 05:00:00+00:00,BTC-USD,77935.46,78149.07,77788.81,78051.59,186.22542761
2026-04-23 06:00:00+00:00,BTC-USD,78055.02,78370.49,78055.02,78240.0,232.4070167
2026-04-23 07:00:00+00:00,BTC-USD,78240.01,78281.78,77989.72,78086.14,188.83334326
2026-04-23 08:00:00+00:00,BTC-USD,78086.15,78204.31,77727.29,77877.34,224.51396122
2026-04-23 09:00:00+00:00,BTC-USD,77877.34,77887.47,77463.04,77670.55,308.03399338
2026-04-23 10:00:00+00:00,BTC-USD,77672.01,77737.92,77200.0,77425.92,251.20927769
2026-04-23 11:00:00+00:00,BTC-USD,77425.92,77776.48,77372.12,77722.29,148.02848263
2026-04-23 12:00:00+00:00,BTC-USD,77722.29,77907.56,77562.25,77894.01,347.51772307
2026-04-23 13:00:00+00:00,BTC-USD,77897.23,77946.39,77404.02,77549.31,479.20497411
2026-04-23 14:00:00+00:00,BTC-USD,77549.32,78250.0,77431.4,78210.59,1051.51619843
2026-04-23 15:00:00+00:00,BTC-USD,78210.59,78722.96,78007.2,78410.43,903.15988416
2026-04-23 16:00:00+00:00,BTC-USD,78410.44,78550.0,78063.58,78133.06,483.26997738
2026-04-23 17:00:00+00:00,BTC-USD,78133.06,78222.46,76979.99,77796.41,998.64314236
2026-04-23 18:00:00+00:00,BTC-USD,77796.41,78181.43,77695.47,77698.4,635.48695143
2026-04-23 19:00:00+00:00,BTC-USD,77698.4,77927.45,77600.0,77743.16,691.04509369
2026-04-23 20:00:00+00:00,BTC-USD,77742.5,78073.5,77656.44,77903.01,283.93397456
2026-04-23 21:00:00+00:00,BTC-USD,77903.01,78092.46,77811.0,77890.0,118.98489693
2026-04-23 22:00:00+00:00,BTC-USD,77887.5,78369.99,77884.4,78257.14,239.45731112
2026-04-23 23:00:00+00:00,BTC-USD,78257.15,78327.6,78051.8,78281.32,166.63369403
2026-04-24 00:00:00+00:00,BTC-USD,78281.32,78516.33,78191.31,78446.01,210.74614857
2026-04-24 01:00:00+00:00,BTC-USD,78446.02,78487.02,77979.18,78457.91,250.96331705
2026-04-24 02:00:00+00:00,BTC-USD,78457.9,78607.38,78097.52,78154.1,205.24998195
2026-04-24 03:00:00+00:00,BTC-USD,78154.1,78217.79,77590.51,77755.39,252.39007698
2026-04-24 04:00:00+00:00,BTC-USD,77755.39,77888.5,77492.99,77682.91,226.27000461
2026-04-24 05:00:00+00:00,BTC-USD,77682.9,78071.27,77465.3,77974.29,205.07879932
2026-04-24 06:00:00+00:00,BTC-USD,77974.3,77999.1,77786.29,77813.12,96.92941092
2026-04-24 07:00:00+00:00,BTC-USD,77813.11,77882.44,77568.32,77676.96,98.56816624
2026-04-24 08:00:00+00:00,BTC-USD,77676.95,78030.98,77593.2,77808.73,175.68946751
2026-04-24 09:00:00+00:00,BTC-USD,77808.72,77827.83,77423.86,77551.89,194.70987401
2026-04-24 10:00:00+00:00,BTC-USD,77551.88,77811.18,77457.21,77762.45,176.88319828
2026-04-24 11:00:00+00:00,BTC-USD,77762.45,78400.0,77762.44,78256.13,525.98017865
2026-04-24 12:00:00+00:00,BTC-USD,78256.15,78379.31,78035.99,78290.74,321.36075618
2026-04-24 13:00:00+00:00,BTC-USD,78290.74,78500.0,77922.96,78107.84,631.77425171
2026-04-24 14:00:00+00:00,BTC-USD,78107.84,78107.84,77700.01,78070.15,1640.91244946
2026-04-24 15:00:00+00:00,BTC-USD,78072.0,78257.09,77596.52,78066.88,462.47790826
2026-04-24 16:00:00+00:00,BTC-USD,78065.03,78090.24,77606.46,77800.0,324.67359349
2026-04-24 17:00:00+00:00,BTC-USD,77798.32,77856.95,77502.59,77707.15,377.24949328
2026-04-24 18:00:00+00:00,BTC-USD,77707.16,77745.83,77381.74,77637.61,303.69529933
2026-04-24 19:00:00+00:00,BTC-USD,77637.61,77773.45,77555.6,77659.72,321.8029166
2026-04-24 20:00:00+00:00,BTC-USD,77657.01,77787.4,77478.31,77748.69,206.77057277
2026-04-24 21:00:00+00:00,BTC-USD,77748.68,77785.0,77565.44,77565.45,166.99577979
2026-04-24 22:00:00+00:00,BTC-USD,77565.45,77650.87,77289.0,77360.78,270.90511444
2026-04-24 23:00:00+00:00,BTC-USD,77360.78,77493.21,77358.82,77461.8,118.69536089
2026-04-25 00:00:00+00:00,BTC-USD,77461.79,77526.0,77329.29,77483.44,102.13882478
2026-04-25 01:00:00+00:00,BTC-USD,77486.72,77645.47,77456.79,77559.96,77.84341739
2026-04-25 02:00:00+00:00,BTC-USD,77559.97,77669.53,77518.78,77639.19,85.04430526
2026-04-25 03:00:00+00:00,BTC-USD,77639.19,77739.8,77574.67,77699.91,70.23443277
2026-04-25 04:00:00+00:00,BTC-USD,77699.92,77726.16,77621.9,77641.16,61.18188358
2026-04-25 05:00:00+00:00,BTC-USD,77641.16,77641.16,77507.99,77542.19,46.25971601
2026-04-25 06:00:00+00:00,BTC-USD,77542.19,77609.28,77506.7,77526.42,121.66064379
2026-04-25 07:00:00+00:00,BTC-USD,77526.41,77603.62,77470.0,77521.97,147.32526871
2026-04-25 08:00:00+00:00,BTC-USD,77520.0,77686.8,77510.94,77672.65,123.69105994
2026-04-25 09:00:00+00:00,BTC-USD,77672.65,77806.07,77612.0,77738.19,133.39851427
2026-04-25 10:00:00+00:00,BTC-USD,77738.19,77911.09,77738.19,77809.48,104.58710494
2026-04-25 11:00:00+00:00,BTC-USD,77809.48,77809.48,77636.17,77709.94,69.58593733
2026-04-25 12:00:00+00:00,BTC-USD,77711.31,77736.95,77565.44,77575.35,68.35604197
2026-04-25 13:00:00+00:00,BTC-USD,77577.02,77731.7,77577.02,77701.35,66.2750009
2026-04-25 14:00:00+00:00,BTC-USD,77701.36,77774.27,77652.09,77679.96,67.27406045
2026-04-25 15:00:00+00:00,BTC-USD,77679.95,77749.7,77332.98,77354.06,289.25403051
2026-04-25 16:00:00+00:00,BTC-USD,77354.05,77500.0,77179.2,77427.69,464.62848335
2026-04-25 17:00:00+00:00,BTC-USD,77427.68,77439.98,77234.99,77274.53,115.84405572
2026-04-25 18:00:00+00:00,BTC-USD,77274.52,77414.56,77242.17,77319.65,113.3020298
2026-04-25 19:00:00+00:00,BTC-USD,77319.65,77376.98,77210.0,77339.77,118.34693072
2026-04-25 20:00:00+00:00,BTC-USD,77339.77,77508.87,77324.57,77497.07,123.57224345
2026-04-25 21:00:00+00:00,BTC-USD,77497.08,77557.64,77434.24,77555.49,94.26634203
2026-04-25 22:00:00+00:00,BTC-USD,77555.5,77662.26,77519.52,77577.96,107.68611511
2026-04-25 23:00:00+00:00,BTC-USD,77577.96,77680.3,77545.77,77650.72,99.91814823
2026-04-26 00:00:00+00:00,BTC-USD,77650.72,77666.29,77468.4,77520.34,94.15005219
2026-04-26 01:00:00+00:00,BTC-USD,77520.33,77594.0,77470.32,77479.27,75.49687314
2026-04-26 02:00:00+00:00,BTC-USD,77479.26,77620.55,77471.84,77545.7,62.33264788
2026-04-26 03:00:00+00:00,BTC-USD,77545.7,77566.0,77346.44,77408.01,67.74139304
2026-04-26 04:00:00+00:00,BTC-USD,77408.01,77838.01,77394.88,77790.06,141.46210364
2026-04-26 05:00:00+00:00,BTC-USD,77790.05,78221.43,77736.0,78004.97,332.63900885
2026-04-26 06:00:00+00:00,BTC-USD,78004.97,78074.58,77917.89,78019.26,70.35356196
2026-04-26 07:00:00+00:00,BTC-USD,78024.64,78148.82,77985.28,78126.31,72.08978411
2026-04-26 08:00:00+00:00,BTC-USD,78126.32,78237.34,78045.23,78050.01,173.67841807
2026-04-26 09:00:00+00:00,BTC-USD,78050.01,78081.29,77940.69,78026.91,71.98970141
2026-04-26 10:00:00+00:00,BTC-USD,78026.91,78077.06,77975.44,78024.64,62.24884258
2026-04-26 11:00:00+00:00,BTC-USD,78024.63,78177.02,78024.63,78118.01,53.38464798
2026-04-26 12:00:00+00:00,BTC-USD,78118.01,78135.23,77782.36,77850.81,101.50847324
2026-04-26 13:00:00+00:00,BTC-USD,77851.74,78011.19,77805.72,77993.74,114.41742287
2026-04-26 14:00:00+00:00,BTC-USD,77990.84,78189.65,77893.44,78108.37,141.82659206
2026-04-26 15:00:00+00:00,BTC-USD,78108.38,78146.73,78014.81,78073.83,139.77387003
2026-04-26 16:00:00+00:00,BTC-USD,78073.83,78113.2,77945.42,77945.43,150.43766573
2026-04-26 17:00:00+00:00,BTC-USD,77945.42,78079.99,77867.2,78037.46,147.95245216
2026-04-26 18:00:00+00:00,BTC-USD,78037.46,78375.37,78009.17,78299.91,287.37518772
2026-04-26 19:00:00+00:00,BTC-USD,78299.91,78527.65,78044.32,78258.01,426.24724261
2026-04-26 20:00:00+00:00,BTC-USD,78258.0,78410.1,78178.8,78218.16,143.24661449
2026-04-26 21:00:00+00:00,BTC-USD,78216.01,78943.0,77873.76,78437.96,319.62388755
2026-04-26 22:00:00+00:00,BTC-USD,78437.96,78882.55,77989.33,78333.24,413.4963956
2026-04-26 23:00:00+00:00,BTC-USD,78334.0,78910.4,78059.0,78673.83,278.58425853
2026-04-27 00:00:00+00:00,BTC-USD,78673.84,79399.0,78417.72,79322.57,562.13681928
2026-04-27 01:00:00+00:00,BTC-USD,79328.0,79496.0,78750.01,79301.99,598.70610001
2026-04-27 02:00:00+00:00,BTC-USD,79301.99,79322.7,79048.0,79149.68,232.01831279
2026-04-27 03:00:00+00:00,BTC-USD,79146.4,79347.43,79091.87,79120.02,326.5039925
2026-04-27 04:00:00+00:00,BTC-USD,79120.02,79175.92,78893.94,78942.02,172.24102059
2026-04-27 05:00:00+00:00,BTC-USD,78942.06,78961.19,77584.43,77790.0,832.41416581
2026-04-27 06:00:00+00:00,BTC-USD,77790.01,77880.08,77481.0,77709.76,290.78408162
2026-04-27 07:00:00+00:00,BTC-USD,77709.76,77749.12,77572.0,77613.58,158.95803979
2026-04-27 08:00:00+00:00,BTC-USD,77613.58,77823.82,77563.02,77811.56,161.42116305
2026-04-27 09:00:00+00:00,BTC-USD,77814.18,77992.86,77706.41,77902.45,171.13970826
2026-04-27 10:00:00+00:00,BTC-USD,77902.44,77953.53,77790.47,77857.45,176.63582072
2026-04-27 11:00:00+00:00,BTC-USD,77857.46,77899.57,77745.01,77847.89,108.01723872
2026-04-27 12:00:00+00:00,BTC-USD,77847.88,77878.01,77620.0,77671.04,272.48314308
2026-04-27 13:00:00+00:00,BTC-USD,77671.04,77976.01,77572.4,77750.0,527.03025891
2026-04-27 14:00:00+00:00,BTC-USD,77750.0,78278.39,77670.02,77817.6,518.98840209
2026-04-27 15:00:00+00:00,BTC-USD,77821.44,77840.64,76555.0,76775.89,1339.25615959
2026-04-27 16:00:00+00:00,BTC-USD,76775.9,76861.44,76529.01,76615.83,543.2685921
2026-04-27 17:00:00+00:00,BTC-USD,76615.84,76925.8,76611.84,76721.22,433.75604554
2026-04-27 18:00:00+00:00,BTC-USD,76721.22,76886.15,76646.4,76814.01,432.2920132
2026-04-27 19:00:00+00:00,BTC-USD,76813.05,76891.94,76447.51,76886.0,575.76572475
2026-04-27 20:00:00+00:00,BTC-USD,76886.0,77075.0,76834.97,76955.36,258.24703332
2026-04-27 21:00:00+00:00,BTC-USD,76955.36,76983.11,76777.0,76777.0,189.39648485
2026-04-27 22:00:00+00:00,BTC-USD,76777.01,77079.3,76735.0,77064.48,207.91914289
2026-04-27 23:00:00+00:00,BTC-USD,77064.48,77444.41,77003.53,77364.42,199.38300882
2026-04-28 00:00:00+00:00,BTC-USD,77364.48,77478.99,77206.75,77376.38,267.70774061
2026-04-28 01:00:00+00:00,BTC-USD,77376.38,77399.69,77031.69,77088.49,142.52644572
2026-04-28 02:00:00+00:00,BTC-USD,77088.49,77226.24,76672.87,76886.86,226.06413229
2026-04-28 03:00:00+00:00,BTC-USD,76886.86,76895.99,76664.99,76809.35,177.25000911
2026-04-28 04:00:00+00:00,BTC-USD,76809.35,76954.0,76682.09,76885.6,165.84790587
2026-04-28 05:00:00+00:00,BTC-USD,76885.6,77155.99,76808.0,76882.73,241.56282362
2026-04-28 06:00:00+00:00,BTC-USD,76884.2,77029.4,76579.16,76702.99,210.50784673
2026-04-28 07:00:00+00:00,BTC-USD,76702.99,76916.88,76425.0,76872.94,215.08923742
2026-04-28 08:00:00+00:00,BTC-USD,76872.94,77003.39,76737.03,76856.0,197.36016177
2026-04-28 09:00:00+00:00,BTC-USD,76855.99,76867.44,76477.08,76587.24,172.6960924
2026-04-28 10:00:00+00:00,BTC-USD,76587.24,76686.47,76476.35,76604.91,148.26023014
2026-04-28 11:00:00+00:00,BTC-USD,76604.01,76636.56,76106.88,76224.71,397.98370673
2026-04-28 12:00:00+00:00,BTC-USD,76224.72,76423.44,76154.12,76383.49,283.94379293
2026-04-28 13:00:00+00:00,BTC-USD,76383.49,76418.16,75900.0,76183.67,540.50072547
2026-04-28 14:00:00+00:00,BTC-USD,76183.66,76198.05,75646.84,75940.0,685.12474639
2026-04-28 15:00:00+00:00,BTC-USD,75940.01,76071.83,75822.24,76052.69,329.87468566
2026-04-28 16:00:00+00:00,BTC-USD,76052.69,76202.88,75861.97,76109.27,368.8771461
2026-04-28 17:00:00+00:00,BTC-USD,76109.27,76250.0,75927.75,76166.79,400.83514644
2026-04-28 18:00:00+00:00,BTC-USD,76166.79,76268.39,76111.0,76220.66,220.16173651
2026-04-28 19:00:00+00:00,BTC-USD,76220.66,76379.97,76042.42,76308.13,304.36666757
2026-04-28 20:00:00+00:00,BTC-USD,76308.97,76478.33,76308.01,76461.99,338.46727511
2026-04-28 21:00:00+00:00,BTC-USD,76461.99,76483.8,76250.0,76349.51,243.97313577
2026-04-28 22:00:00+00:00,BTC-USD,76349.52,76445.0,76206.01,76229.8,183.56067116
2026-04-28 23:00:00+00:00,BTC-USD,76229.8,76366.67,76174.8,76317.99,163.28918501
2026-04-29 00:00:00+00:00,BTC-USD,76317.99,76549.19,76251.1,76502.35,216.52169765
2026-04-29 01:00:00+00:00,BTC-USD,76502.36,76655.28,76163.99,76552.31,275.86517938
2026-04-29 02:00:00+00:00,BTC-USD,76552.31,76644.36,76380.73,76509.27,124.40535851
2026-04-29 03:00:00+00:00,BTC-USD,76509.27,77117.03,76496.18,76987.27,411.55793218
2026-04-29 04:00:00+00:00,BTC-USD,76987.27,77447.18,76866.67,77260.57,406.57412373
2026-04-29 05:00:00+00:00,BTC-USD,77260.56,77321.98,77177.77,77280.36,172.93512145
2026-04-29 06:00:00+00:00,BTC-USD,77280.36,77325.0,76912.64,77016.0,233.839939
2026-04-29 07:00:00+00:00,BTC-USD,77016.01,77175.02,76991.46,77034.04,136.58344209
2026-04-29 08:00:00+00:00,BTC-USD,77034.05,77143.66,76942.27,77029.45,147.81124387
2026-04-29 09:00:00+00:00,BTC-USD,77029.47,77799.91,76948.99,77646.24,356.77938367
2026-04-29 10:00:00+00:00,BTC-USD,77646.27,77906.84,77557.39,77622.55,429.54145986
2026-04-29 11:00:00+00:00,BTC-USD,77622.56,77686.05,77474.88,77580.73,223.94691333
2026-04-29 12:00:00+00:00,BTC-USD,77580.73,77597.63,76977.04,77123.22,335.1842513
2026-04-29 13:00:00+00:00,BTC-USD,77125.87,77239.46,76404.94,76752.98,743.96980067
2026-04-29 14:00:00+00:00,BTC-USD,76752.98,76853.11,76452.14,76555.55,687.65122267
2026-04-29 15:00:00+00:00,BTC-USD,76557.96,76618.93,75670.21,75897.98,796.58395283
2026-04-29 16:00:00+00:00,BTC-USD,75896.01,76102.54,75663.89,75769.7,699.129051
2026-04-29 17:00:00+00:00,BTC-USD,75770.87,76164.04,75770.87,76153.83,475.61582141
2026-04-29 18:00:00+00:00,BTC-USD,76146.12,76236.65,74914.0,75483.82,1057.00259438
2026-04-29 19:00:00+00:00,BTC-USD,75485.98,75567.9,75264.87,75526.0,674.55836458
2026-04-29 20:00:00+00:00,BTC-USD,75529.6,75842.25,75454.18,75649.91,565.74809567
2026-04-29 21:00:00+00:00,BTC-USD,75649.92,76059.3,75569.85,75901.88,177.11464119
2026-04-29 22:00:00+00:00,BTC-USD,75903.68,75982.94,75788.04,75893.29,165.92533336
2026-04-29 23:00:00+00:00,BTC-USD,75893.29,75965.0,75666.01,75752.88,150.73812356
2026-04-30 00:00:00+00:00,BTC-USD,75752.87,76305.67,75622.14,76218.67,281.82081615
2026-04-30 01:00:00+00:00,BTC-USD,76218.67,76448.83,76135.2,76212.85,218.77929805
2026-04-30 02:00:00+00:00,BTC-USD,76212.85,76330.0,75464.99,75669.99,355.5255205
2026-04-30 03:00:00+00:00,BTC-USD,75669.99,75975.98,75628.81,75898.86,133.49661369
2026-04-30 04:00:00+00:00,BTC-USD,75898.86,75947.38,75361.04,75453.94,323.45880002
2026-04-30 05:00:00+00:00,BTC-USD,75453.6,75725.99,75290.1,75567.91,141.41886216
2026-04-30 06:00:00+00:00,BTC-USD,75567.9,75842.77,75538.0,75726.17,196.72497655
2026-04-30 07:00:00+00:00,BTC-USD,75726.17,76147.3,75683.16,76134.32,137.69907254
2026-04-30 08:00:00+00:00,BTC-USD,76134.33,76179.74,75990.98,76035.73,138.60155821
2026-04-30 09:00:00+00:00,BTC-USD,76035.73,76321.98,75972.03,76073.33,141.97205114
2026-04-30 10:00:00+00:00,BTC-USD,76074.39,76137.18,75948.0,75994.3,134.78016175
2026-04-30 11:00:00+00:00,BTC-USD,75995.95,76216.65,75843.18,76039.6,166.78010932
2026-04-30 12:00:00+00:00,BTC-USD,76039.6,76391.49,75982.3,76279.03,249.38811048
2026-04-30 13:00:00+00:00,BTC-USD,76278.89,76655.95,76069.27,76385.9,650.22688904
2026-04-30 14:00:00+00:00,BTC-USD,76385.9,76568.42,76047.26,76267.97,434.86289781
2026-04-30 15:00:00+00:00,BTC-USD,76267.99,76627.55,76122.42,76436.38,329.64399182
2026-04-30 16:00:00+00:00,BTC-USD,76436.38,76452.81,76181.02,76220.05,239.34688449
2026-04-30 17:00:00+00:00,BTC-USD,76220.05,76296.74,76068.0,76210.43,332.58639685
2026-04-30 18:00:00+00:00,BTC-USD,76210.43,76444.45,76165.48,76314.99,287.76141848
2026-04-30 19:00:00+00:00,BTC-USD,76314.97,76495.34,76280.0,76375.39,467.66399212
2026-04-30 20:00:00+00:00,BTC-USD,76374.49,76543.47,76284.8,76461.51,344.17548981
2026-04-30 21:00:00+00:00,BTC-USD,76461.5,76511.99,76197.0,76207.91,317.51379054
2026-04-30 22:00:00+00:00,BTC-USD,76207.91,76418.42,76161.54,76205.36,138.74916236
2026-04-30 23:00:00+00:00,BTC-USD,76205.36,76347.44,76175.06,76305.78,119.48041261
2026-05-01 00:00:00+00:00,BTC-USD,76305.78,76560.37,76275.01,76423.74,142.38449454
2026-05-01 01:00:00+00:00,BTC-USD,76425.17,76749.66,76408.12,76651.2,252.31112903
2026-05-01 02:00:00+00:00,BTC-USD,76652.86,76715.51,76502.82,76566.47,128.36094592
2026-05-01 03:00:00+00:00,BTC-USD,76566.46,77427.41,76520.0,77091.85,452.36984761
2026-05-01 04:00:00+00:00,BTC-USD,77091.84,77175.54,76921.9,77004.99,219.7480408
2026-05-01 05:00:00+00:00,BTC-USD,77004.99,77163.2,76996.4,77144.81,116.16463501
2026-05-01 06:00:00+00:00,BTC-USD,77144.81,77161.33,76852.56,76949.15,174.71727686
2026-05-01 07:00:00+00:00,BTC-USD,76954.0,77120.99,76926.67,77108.02,141.85059978
2026-05-01 08:00:00+00:00,BTC-USD,77108.02,77493.67,77022.55,77358.39,211.36806042
2026-05-01 09:00:00+00:00,BTC-USD,77358.4,77383.84,77185.6,77266.0,112.41067866
2026-05-01 10:00:00+00:00,BTC-USD,77266.01,77414.2,77139.99,77276.8,123.79179091
2026-05-01 11:00:00+00:00,BTC-USD,77276.92,77588.39,77243.83,77452.72,237.93954722
2026-05-01 12:00:00+00:00,BTC-USD,77452.73,78168.76,77392.01,77885.38,720.2372184
2026-05-01 13:00:00+00:00,BTC-USD,77885.39,78961.14,77885.37,78754.46,1120.97832829
2026-05-01 14:00:00+00:00,BTC-USD,78754.47,78901.28,78050.68,78355.69,998.34372707
2026-05-01 15:00:00+00:00,BTC-USD,78355.69,78747.06,78178.7,78438.2,772.8527245
2026-05-01 16:00:00+00:00,BTC-USD,78438.2,78691.41,78155.26,78202.93,453.83563636
2026-05-01 17:00:00+00:00,BTC-USD,78202.92,78600.0,78120.0,78550.0,474.6480545
2026-05-01 18:00:00+00:00,BTC-USD,78550.0,78631.23,78375.0,78436.17,432.11575143
2026-05-01 19:00:00+00:00,BTC-USD,78436.18,78557.3,78310.18,78374.85,369.11194247
2026-05-01 20:00:00+00:00,BTC-USD,78373.61,78435.9,77721.81,77872.81,377.19907585
2026-05-01 21:00:00+00:00,BTC-USD,77872.81,78207.05,77850.01,78207.04,271.82748095
2026-05-01 22:00:00+00:00,BTC-USD,78207.04,78424.36,78129.23,78149.36,323.35670898
2026-05-01 23:00:00+00:00,BTC-USD,78149.36,78244.19,78027.14,78234.05,158.55679298
2026-05-02 00:00:00+00:00,BTC-USD,78234.05,78394.41,78168.0,78346.02,130.24370708
2026-05-02 01:00:00+00:00,BTC-USD,78346.02,78442.0,78285.29,78348.01,102.41855918
2026-05-02 02:00:00+00:00,BTC-USD,78348.0,78508.89,78249.85,78358.1,93.57902078
2026-05-02 03:00:00+00:00,BTC-USD,78358.1,78517.77,78230.07,78409.63,93.84924831
2026-05-02 04:00:00+00:00,BTC-USD,78409.64,78448.57,78122.01,78179.38,109.98632811
2026-05-02 05:00:00+00:00,BTC-USD,78179.39,78237.98,78034.28,78179.6,95.37405912
2026-05-02 06:00:00+00:00,BTC-USD,78179.6,78371.54,78139.21,78324.02,66.71384639
2026-05-02 07:00:00+00:00,BTC-USD,78324.02,78348.24,78200.0,78220.21,45.33142298
2026-05-02 08:00:00+00:00,BTC-USD,78220.21,78359.17,78157.94,78313.63,52.32912825
2026-05-02 09:00:00+00:00,BTC-USD,78313.64,78394.26,78215.01,78299.79,90.98755094
2026-05-02 10:00:00+00:00,BTC-USD,78299.8,78317.1,78221.6,78249.98,53.42305679
2026-05-02 11:00:00+00:00,BTC-USD,78249.97,78249.97,78093.09,78147.04,73.33387224
2026-05-02 12:00:00+00:00,BTC-USD,78147.05,78268.65,78098.93,78213.16,68.24472652
2026-05-02 13:00:00+00:00,BTC-USD,78213.16,78432.22,78213.16,78367.8,102.58733306
2026-05-02 14:00:00+00:00,BTC-USD,78367.81,78480.0,78305.0,78415.34,98.64533694
2026-05-02 15:00:00+00:00,BTC-USD,78415.33,78486.49,78355.19,78483.53,84.75256088
2026-05-02 16:00:00+00:00,BTC-USD,78483.53,78594.99,78417.86,78446.03,101.07445771
2026-05-02 17:00:00+00:00,BTC-USD,78446.02,78483.51,78362.0,78393.08,119.24816276
2026-05-02 18:00:00+00:00,BTC-USD,78393.07,78486.56,78308.0,78456.01,52.09857559
2026-05-02 19:00:00+00:00,BTC-USD,78456.01,78521.24,78428.91,78484.47,111.23748822
2026-05-02 20:00:00+00:00,BTC-USD,78487.74,78491.66,78415.02,78458.67,76.19712295
2026-05-02 21:00:00+00:00,BTC-USD,78458.67,79155.0,78450.0,78724.69,395.79547705
2026-05-02 22:00:00+00:00,BTC-USD,78724.69,78874.16,78604.23,78833.98,143.00047277
2026-05-02 23:00:00+00:00,BTC-USD,78833.97,78833.97,78624.95,78682.31,83.76276382
2026-05-03 00:00:00+00:00,BTC-USD,78682.31,78759.97,78490.0,78551.71,129.1047788
2026-05-03 01:00:00+00:00,BTC-USD,78551.7,78551.71,78143.0,78250.0,146.67372143
2026-05-03 02:00:00+00:00,BTC-USD,78250.0,78307.12,78098.33,78162.86,110.10270944
2026-05-03 03:00:00+00:00,BTC-USD,78162.86,78223.54,78102.58,78196.02,52.70260167
2026-05-03 04:00:00+00:00,BTC-USD,78196.0,78230.6,78107.27,78164.86,54.6868186
2026-05-03 05:00:00+00:00,BTC-USD,78164.85,78258.21,78146.02,78239.86,32.90309028
2026-05-03 06:00:00+00:00,BTC-USD,78239.87,78337.86,78073.01,78281.18,78.90264876
2026-05-03 07:00:00+00:00,BTC-USD,78281.18,78464.06,78281.18,78357.63,55.52406426
2026-05-03 08:00:00+00:00,BTC-USD,78357.62,78501.15,78348.91,78379.39,33.56291112
2026-05-03 09:00:00+00:00,BTC-USD,78379.45,78600.0,78336.66,78532.44,85.77990063
2026-05-03 10:00:00+00:00,BTC-USD,78532.44,78532.44,78400.16,78404.77,19.89739555
2026-05-03 11:00:00+00:00,BTC-USD,78404.76,78840.24,78379.38,78657.99,167.28843291
2026-05-03 12:00:00+00:00,BTC-USD,78658.0,78873.0,78657.99,78746.13,234.64830996
2026-05-03 13:00:00+00:00,BTC-USD,78746.13,78768.05,78575.0,78659.99,104.64046717
2026-05-03 14:00:00+00:00,BTC-USD,78660.0,78777.0,78600.01,78715.97,94.42566777
2026-05-03 15:00:00+00:00,BTC-USD,78715.96,78800.0,78606.56,78656.83,91.98816817
2026-05-03 16:00:00+00:00,BTC-USD,78656.83,78776.83,78580.28,78650.53,61.88829408
2026-05-03 17:00:00+00:00,BTC-USD,78650.52,78817.95,78552.39,78721.36,93.97516917
2026-05-03 18:00:00+00:00,BTC-USD,78721.37,78756.4,78618.13,78732.28,59.66362637
2026-05-03 19:00:00+00:00,BTC-USD,78732.28,78846.9,78666.56,78753.17,99.49457079
2026-05-03 20:00:00+00:00,BTC-USD,78753.16,79261.96,78718.47,78921.14,230.18050211
2026-05-03 21:00:00+00:00,BTC-USD,78921.14,79058.73,78650.0,78822.53,192.42873069
2026-05-03 22:00:00+00:00,BTC-USD,78822.53,79428.6,78815.59,79168.26,329.56795607
2026-05-03 23:00:00+00:00,BTC-USD,79168.27,79289.35,78478.43,78558.89,206.84534735
2026-05-04 00:00:00+00:00,BTC-USD,78558.88,78563.51,78269.41,78537.44,238.11249757
2026-05-04 01:00:00+00:00,BTC-USD,78537.44,79813.97,78399.42,79763.38,475.16241189
2026-05-04 02:00:00+00:00,BTC-USD,79763.38,80426.0,79530.53,80166.46,1126.19105531
2026-05-04 03:00:00+00:00,BTC-USD,80166.47,80435.0,79904.96,80305.37,534.71971953
2026-05-04 04:00:00+00:00,BTC-USD,80305.37,80613.0,80215.5,80327.86,313.87306899
2026-05-04 05:00:00+00:00,BTC-USD,80327.87,80394.0,79950.22,80013.53,211.53857038
2026-05-04 06:00:00+00:00,BTC-USD,80013.53,80049.0,79473.29,79859.63,439.19871146
2026-05-04 07:00:00+00:00,BTC-USD,79859.64,79933.3,79661.25,79690.03,140.10345787
2026-05-04 08:00:00+00:00,BTC-USD,79690.04,79790.2,79580.95,79692.82,232.55663914
2026-05-04 09:00:00+00:00,BTC-USD,79694.06,79911.09,79626.03,79815.22,148.88586819
2026-05-04 10:00:00+00:00,BTC-USD,79815.22,79866.46,78205.0,78935.22,1043.77037446
2026-05-04 11:00:00+00:00,BTC-USD,78935.22,79134.56,78692.44,78782.95,327.07001865
2026-05-04 12:00:00+00:00,BTC-USD,78782.95,78841.0,78700.56,78729.0,35.50288605
